C2060G,0,2,4
C2060G,1,3,5
C2060G,2,4,5
D1988N,0,2,4
D1988N,1,4,6
D1988N,2,3,5
D2033N,0,2,4
D2033N,1,4,6
D2033N,2,3,5
D2113G,0,2,4
D2113G,1,3,5
D2113G,2,4,6
D2113N,0,2,4
D2113N,1,3,5
D2113N,2,4,6
E1935G,0,2,4
E1935G,1,3,4
E1935G,2,4,5
E1990G,0,2,3
E1990G,1,3,4
E1990G,2,4,5
E2020K,0,2,3
E2020K,1,3,4
E2020K,2,4,5
E2131Q,0,2,3
E2131Q,1,3,4
E2131Q,2,4,5
F1994L,0,2,3
F1994L,1,4,5
F1994L,2,3,4
F2004C,0,2,3
F2004C,1,4,5
F2004C,2,3,4
F2004L,0,2,3
F2004L,1,3,4
F2004L,2,2,3
F2004V,0,2,3
F2004V,1,3,4
F2004V,2,2,3
F2075V,0,2,3
F2075V,1,3,4
F2075V,2,2,3
G1957A,0,2,3
G1957A,1,3,4
G1957A,2,2,3
G1971E,0,2,3
G1971E,1,3,4
G1971E,2,2,3
G2032K,0,2,3
G2032K,1,3,4
G2032K,2,2,3
G2032R,0,2,3
G2032R,1,3,4
G2032R,2,2,3
G2048A_NC,0,2,3
G2048A_NC,1,3,4
G2048A_NC,2,2,3
G2101A,0,2,3
G2101A,1,3,4
G2101A,2,2,3
H1999Q_NC,0,2,3
H1999Q_NC,1,3,4
H1999Q_NC,2,2,3
L1947R,0,2,3
L1947R,1,3,4
L1947R,2,2,3
L1951R,0,2,3
L1951R,1,3,4
L1951R,2,2,3
L1982F,0,2,3
L1982F,1,3,4
L1982F,2,2,3
L1982V,0,2,3
L1982V,1,3,4
L1982V,2,2,3
L2010M,0,2,3
L2010M,1,3,4
L2010M,2,2,3
L2026M,0,2,3
L2026M,1,3,4
L2026M,2,2,3
L2053V_NC,0,2,3
L2053V_NC,1,3,4
L2053V_NC,2,2,3
L2086F,0,2,3
L2086F,1,3,4
L2086F,2,2,3
L2155S,0,2,3
L2155S,1,3,4
L2155S,2,2,3
Q2022P,0,2,3
Q2022P,1,3,4
Q2022P,2,2,3
Q2022P_S1986F,0,2,3
Q2022P_S1986F,1,3,4
Q2022P_S1986F,2,2,3
Q2022P_S1986Y,0,2,3
Q2022P_S1986Y,1,3,4
Q2022P_S1986Y,2,2,3
R2078K,0,2,3
R2078K,1,3,4
R2078K,2,2,3
S1986F,0,2,3
S1986F,1,3,4
S1986F,2,2,3
S1986Y,0,2,3
S1986Y,1,3,4
S1986Y,2,2,3
V2089M,0,2,3
V2089M,1,3,4
V2089M,2,2,3
V2098I,0,2,3
V2098I,1,3,4
V2098I,2,2,3
WT,0,2,3
WT,1,3,4
WT,2,4,5
