C2060G,0,C2060G/0/C2060G-MD.part0004.xtc,2026-03-24 11:48:37.924013033 +0100
C2060G,1,C2060G/1/C2060G-MD.part0005.xtc,2026-03-24 11:49:05.697190584 +0100
C2060G,2,C2060G/2/C2060G-MD.part0005.xtc,2026-03-24 11:49:34.806424783 +0100
D1988N,0,D1988N/0/D1988N-MD.part0004.xtc,2026-03-24 11:49:56.559347027 +0100
D1988N,1,D1988N/1/D1988N-MD.part0006.xtc,2026-03-24 11:50:26.616618546 +0100
D1988N,2,D1988N/2/D1988N-MD.part0005.xtc,2026-03-24 11:50:52.325706122 +0100
D2033N,0,D2033N/0/D2033N-MD.part0004.xtc,2026-03-24 11:51:13.658608571 +0100
D2033N,1,D2033N/1/D2033N-MD.part0006.xtc,2026-03-24 11:51:43.731880767 +0100
D2033N,2,D2033N/2/D2033N-MD.part0005.xtc,2026-03-24 11:52:10.645019278 +0100
D2113G,0,D2113G/0/D2113G-MD.part0004.xtc,2026-03-24 11:52:31.813914793 +0100
D2113G,1,D2113G/1/D2113G-MD.part0005.xtc,2026-03-24 11:52:57.787013537 +0100
D2113G,2,D2113G/2/D2113G-MD.part0006.xtc,2026-03-24 11:53:25.036166263 +0100
D2113N,0,D2113N/0/D2113N-MD.part0004.xtc,2026-03-24 11:53:46.021053991 +0100
D2113N,1,D2113N/1/D2113N-MD.part0005.xtc,2026-03-24 11:54:11.722141228 +0100
D2113N,2,D2113N/2/D2113N-MD.part0006.xtc,2026-03-24 11:54:39.639323337 +0100
E1935G,0,E1935G/0/E1935G-MD.part0004.xtc,2026-03-24 11:55:01.288260745 +0100
E1935G,1,E1935G/1/E1935G-MD.part0004.xtc,2026-03-24 11:55:28.277429386 +0100
E1935G,2,E1935G/2/E1935G-MD.part0005.xtc,2026-03-24 11:55:57.442692253 +0100
E1990G,0,E1990G/0/E1990G-MD.part0003.xtc,2026-03-24 11:56:17.907578390 +0100
E1990G,1,E1990G/1/E1990G-MD.part0004.xtc,2026-03-24 11:56:43.716695935 +0100
E1990G,2,E1990G/2/E1990G-MD.part0005.xtc,2026-03-24 11:57:11.765910478 +0100
E2020K,0,E2020K/0/E2020K-MD.part0003.xtc,2026-03-24 11:57:33.554853948 +0100
E2020K,1,E2020K/1/E2020K-MD.part0004.xtc,2026-03-24 11:58:00.820034541 +0100
E2020K,2,E2020K/2/E2020K-MD.part0005.xtc,2026-03-24 11:58:30.325296609 +0100
E2131Q,0,E2131Q/0/E2131Q-MD.part0003.xtc,2026-03-24 11:58:51.874207765 +0100
E2131Q,1,E2131Q/1/E2131Q-MD.part0004.xtc,2026-03-24 11:59:19.115359606 +0100
E2131Q,2,E2131Q/2/E2131Q-MD.part0005.xtc,2026-03-24 11:59:48.584607007 +0100
F1994L,0,F1994L/0/F1994L-MD.part0003.xtc,2026-03-24 12:00:09.217480470 +0100
F1994L,1,F1994L/1/F1994L-MD.part0005.xtc,2026-03-24 12:00:36.514636053 +0100
F1994L,2,F1994L/2/F1994L-MD.part0004.xtc,2026-03-24 12:01:02.895752860 +0100
F2004C,0,F2004C/0/F2004C-MD.part0003.xtc,2026-03-24 12:01:24.016646982 +0100
F2004C,1,F2004C/1/F2004C-MD.part0005.xtc,2026-03-24 12:01:49.577729072 +0100
F2004C,2,F2004C/2/F2004C-MD.part0004.xtc,2026-03-24 12:02:16.478867893 +0100
F2004L,0,F2004L/0/F2004L-MD.part0003.xtc,2026-03-24 12:02:37.195744910 +0100
F2004L,1,F2004L/1/F2004L-MD.part0004.xtc,2026-03-24 12:03:03.360852572 +0100
F2004L,2,F2004L/2/F2004L-MD.part0003.xtc,2026-03-24 12:03:16.829422744 +0100
F2004V,0,F2004V/0/F2004V-MD.part0003.xtc,2026-03-24 12:03:37.298289264 +0100
F2004V,1,F2004V/1/F2004V-MD.part0004.xtc,2026-03-24 12:04:04.039421310 +0100
F2004V,2,F2004V/2/F2004V-MD.part0003.xtc,2026-03-24 12:04:18.076018038 +0100
F2075V,0,F2075V/0/F2075V-MD.part0003.xtc,2026-03-24 12:04:38.464885127 +0100
F2075V,1,F2075V/1/F2075V-MD.part0004.xtc,2026-03-24 12:05:05.082017087 +0100
F2075V,2,F2075V/2/F2075V-MD.part0003.xtc,2026-03-24 12:05:19.258619984 +0100
G1957A,0,G1957A/0/G1957A-MD.part0003.xtc,2026-03-24 12:05:39.263470741 +0100
G1957A,1,G1957A/1/G1957A-MD.part0004.xtc,2026-03-24 12:06:05.240575484 +0100
G1957A,2,G1957A/2/G1957A-MD.part0003.xtc,2026-03-24 12:06:20.161210021 +0100
G1971E,0,G1971E/0/G1971E-MD.part0003.xtc,2026-03-24 12:06:40.526076088 +0100
G1971E,1,G1971E/1/G1971E-MD.part0004.xtc,2026-03-24 12:07:07.415219618 +0100
G1971E,2,G1971E/2/G1971E-MD.part0003.xtc,2026-03-24 12:07:21.487818092 +0100
G2032K,0,G2032K/0/G2032K-MD.part0003.xtc,2026-03-24 12:07:41.980689603 +0100
G2032K,1,G2032K/1/G2032K-MD.part0004.xtc,2026-03-24 12:08:08.329810166 +0100
G2032K,2,G2032K/2/G2032K-MD.part0003.xtc,2026-03-24 12:08:22.638418676 +0100
G2032R,0,G2032R/0/G2032R-MD.part0003.xtc,2026-03-24 12:08:43.415302266 +0100
G2032R,1,G2032R/1/G2032R-MD.part0004.xtc,2026-03-24 12:09:10.204441940 +0100
G2032R,2,G2032R/2/G2032R-MD.part0003.xtc,2026-03-24 12:09:23.973027746 +0100
G2048A_NC,0,G2048A_NC/0/G2048A_NC-MD.part0003.xtc,2026-03-24 12:09:46.421982870 +0100
G2048A_NC,1,G2048A_NC/1/G2048A_NC-MD.part0004.xtc,2026-03-24 12:10:15.699228515 +0100
G2048A_NC,2,G2048A_NC/2/G2048A_NC-MD.part0003.xtc,2026-03-24 12:10:27.191717479 +0100
G2101A,0,G2101A/0/G2101A-MD.part0003.xtc,2026-03-24 12:10:48.256613717 +0100
G2101A,1,G2101A/1/G2101A-MD.part0004.xtc,2026-03-24 12:11:15.201760139 +0100
G2101A,2,G2101A/2/G2101A-MD.part0003.xtc,2026-03-24 12:11:28.550328073 +0100
H1999Q_NC,0,H1999Q_NC/0/H1999Q_NC-MD.part0003.xtc,2026-03-24 12:11:49.999240649 +0100
H1999Q_NC,1,H1999Q_NC/1/H1999Q_NC-MD.part0004.xtc,2026-03-24 12:12:17.432407833 +0100
H1999Q_NC,2,H1999Q_NC/2/H1999Q_NC-MD.part0003.xtc,2026-03-24 12:12:30.968983767 +0100
L1947R,0,L1947R/0/L1947R-MD.part0003.xtc,2026-03-24 12:12:51.697865709 +0100
L1947R,1,L1947R/1/L1947R-MD.part0004.xtc,2026-03-24 12:13:18.959025575 +0100
L1947R,2,L1947R/2/L1947R-MD.part0003.xtc,2026-03-24 12:13:33.143660997 +0100
L1951R,0,L1951R/0/L1951R-MD.part0003.xtc,2026-03-24 12:13:53.796820374 +0100
L1951R,1,L1951R/1/L1951R-MD.part0004.xtc,2026-03-24 12:14:20.246283887 +0100
L1951R,2,L1951R/2/L1951R-MD.part0003.xtc,2026-03-24 12:14:33.954867613 +0100
L1982F,0,L1982F/0/L1982F-MD.part0003.xtc,2026-03-24 12:14:54.843757083 +0100
L1982F,1,L1982F/1/L1982F-MD.part0004.xtc,2026-03-24 12:15:22.272925045 +0100
L1982F,2,L1982F/2/L1982F-MD.part0003.xtc,2026-03-24 12:15:36.133515243 +0100
L1982V,0,L1982V/0/L1982V-MD.part0003.xtc,2026-03-24 12:15:57.046405735 +0100
L1982V,1,L1982V/1/L1982V-MD.part0004.xtc,2026-03-24 12:16:24.095557516 +0100
L1982V,2,L1982V/2/L1982V-MD.part0003.xtc,2026-03-24 12:16:38.464169346 +0100
L2010M,0,L2010M/0/L2010M-MD.part0003.xtc,2026-03-24 12:16:59.949084195 +0100
L2010M,1,L2010M/1/L2010M-MD.part0004.xtc,2026-03-24 12:17:27.558259820 +0100
L2010M,2,L2010M/2/L2010M-MD.part0003.xtc,2026-03-24 12:17:41.910870968 +0100
L2026M,0,L2026M/0/L2026M-MD.part0003.xtc,2026-03-24 12:18:03.051771169 +0100
L2026M,1,L2026M/1/L2026M-MD.part0004.xtc,2026-03-24 12:18:30.528948494 +0100
L2026M,2,L2026M/2/L2026M-MD.part0003.xtc,2026-03-24 12:18:44.681558092 +0100
L2053V_NC,0,L2053V_NC/0/L2053V_NC-MD.part0003.xtc,2026-03-24 12:19:06.010476798 +0100
L2053V_NC,1,L2053V_NC/1/L2053V_NC-MD.part0004.xtc,2026-03-24 12:19:33.079642752 +0100
L2053V_NC,2,L2053V_NC/2/L2053V_NC-MD.part0003.xtc,2026-03-24 12:19:47.792276472 +0100
L2086F,0,L2086F/0/L2086F-MD.part0003.xtc,2026-03-24 12:20:08.937187251 +0100
L2086F,1,L2086F/1/L2086F-MD.part0004.xtc,2026-03-24 12:20:36.238363200 +0100
L2086F,2,L2086F/2/L2086F-MD.part0003.xtc,2026-03-24 12:20:50.662984515 +0100
L2155S,0,L2155S/0/L2155S-MD.part0003.xtc,2026-03-24 12:21:11.735892192 +0100
L2155S,1,L2155S/1/L2155S-MD.part0004.xtc,2026-03-24 12:21:39.017067279 +0100
L2155S,2,L2155S/2/L2155S-MD.part0003.xtc,2026-03-24 12:21:53.941710131 +0100
Q2022P,0,Q2022P/0/Q2022P-MD.part0003.xtc,2026-03-24 12:22:14.610600405 +0100
Q2022P,1,Q2022P/1/Q2022P-MD.part0004.xtc,2026-03-24 12:22:43.151829767 +0100
Q2022P,2,Q2022P/2/Q2022P-MD.part0003.xtc,2026-03-24 12:22:58.272481062 +0100
Q2022P_S1986F,0,Q2022P_S1986F/0/Q2022P_S1986F-MD.part0003.xtc,2026-03-24 12:23:19.973415796 +0100
Q2022P_S1986F,1,Q2022P_S1986F/1/Q2022P_S1986F-MD.part0004.xtc,2026-03-24 12:23:49.554689966 +0100
Q2022P_S1986F,2,Q2022P_S1986F/2/Q2022P_S1986F-MD.part0003.xtc,2026-03-24 12:24:03.495290436 +0100
Q2022P_S1986Y,0,Q2022P_S1986Y/0/Q2022P_S1986Y-MD.part0003.xtc,2026-03-24 12:24:24.660202083 +0100
Q2022P_S1986Y,1,Q2022P_S1986Y/1/Q2022P_S1986Y-MD.part0004.xtc,2026-03-24 12:24:51.037338238 +0100
Q2022P_S1986Y,2,Q2022P_S1986Y/2/Q2022P_S1986Y-MD.part0003.xtc,2026-03-24 12:25:05.237949908 +0100
R2078K,0,R2078K/0/R2078K-MD.part0003.xtc,2026-03-24 12:25:26.946884989 +0100
R2078K,1,R2078K/1/R2078K-MD.part0004.xtc,2026-03-24 12:25:54.176057845 +0100
R2078K,2,R2078K/2/R2078K-MD.part0003.xtc,2026-03-24 12:26:08.316666931 +0100
S1986F,0,S1986F/0/S1986F-MD.part0003.xtc,2026-03-24 12:26:29.409575475 +0100
S1986F,1,S1986F/1/S1986F-MD.part0004.xtc,2026-03-24 12:26:56.854757635 +0100
S1986F,2,S1986F/2/S1986F-MD.part0003.xtc,2026-03-24 12:27:10.407341393 +0100
S1986Y,0,S1986Y/0/S1986Y-MD.part0003.xtc,2026-03-24 12:27:31.820263722 +0100
S1986Y,1,S1986Y/1/S1986Y-MD.part0004.xtc,2026-03-24 12:27:58.445410561 +0100
S1986Y,2,S1986Y/2/S1986Y-MD.part0003.xtc,2026-03-24 12:28:12.073997591 +0100
V2089M,0,V2089M/0/V2089M-MD.part0003.xtc,2026-03-24 12:28:33.274910789 +0100
V2089M,1,V2089M/1/V2089M-MD.part0004.xtc,2026-03-24 12:29:00.468082094 +0100
V2089M,2,V2089M/2/V2089M-MD.part0003.xtc,2026-03-24 12:29:14.440683943 +0100
V2098I,0,V2098I/0/V2098I-MD.part0003.xtc,2026-03-24 12:29:35.125574911 +0100
V2098I,1,V2098I/1/V2098I-MD.part0004.xtc,2026-03-24 12:30:01.670718304 +0100
V2098I,2,V2098I/2/V2098I-MD.part0003.xtc,2026-03-24 12:30:15.491313605 +0100
WT,0,WT/0/WT-MD.part0003.xtc,2026-03-24 12:30:36.676226114 +0100
WT,1,WT/1/WT-MD.part0004.xtc,2026-03-24 12:31:02.921356583 +0100
WT,2,WT/2/WT-MD.part0005.xtc,2026-03-24 12:31:32.026610249 +0100
