C2060G,0,C2060G/0/C2060G-MD.part0004.xtc,CHECK_FAILED
C2060G,1,C2060G/1/C2060G-MD.part0005.xtc,CHECK_FAILED
C2060G,2,C2060G/2/C2060G-MD.part0005.xtc,CHECK_FAILED
D1988N,0,D1988N/0/D1988N-MD.part0004.xtc,CHECK_FAILED
D1988N,1,D1988N/1/D1988N-MD.part0006.xtc,CHECK_FAILED
D1988N,2,D1988N/2/D1988N-MD.part0005.xtc,CHECK_FAILED
D2033N,0,D2033N/0/D2033N-MD.part0004.xtc,CHECK_FAILED
D2033N,1,D2033N/1/D2033N-MD.part0006.xtc,CHECK_FAILED
D2033N,2,D2033N/2/D2033N-MD.part0005.xtc,CHECK_FAILED
D2113G,0,D2113G/0/D2113G-MD.part0004.xtc,CHECK_FAILED
D2113G,1,D2113G/1/D2113G-MD.part0005.xtc,CHECK_FAILED
D2113G,2,D2113G/2/D2113G-MD.part0006.xtc,CHECK_FAILED
D2113N,0,D2113N/0/D2113N-MD.part0004.xtc,CHECK_FAILED
D2113N,1,D2113N/1/D2113N-MD.part0005.xtc,CHECK_FAILED
D2113N,2,D2113N/2/D2113N-MD.part0006.xtc,CHECK_FAILED
E1935G,0,E1935G/0/E1935G-MD.part0004.xtc,CHECK_FAILED
E1935G,1,E1935G/1/E1935G-MD.part0004.xtc,CHECK_FAILED
E1935G,2,E1935G/2/E1935G-MD.part0005.xtc,CHECK_FAILED
E1990G,0,E1990G/0/E1990G-MD.part0003.xtc,CHECK_FAILED
E1990G,1,E1990G/1/E1990G-MD.part0004.xtc,CHECK_FAILED
E1990G,2,E1990G/2/E1990G-MD.part0005.xtc,CHECK_FAILED
E2020K,0,E2020K/0/E2020K-MD.part0003.xtc,CHECK_FAILED
E2020K,1,E2020K/1/E2020K-MD.part0004.xtc,CHECK_FAILED
E2020K,2,E2020K/2/E2020K-MD.part0005.xtc,CHECK_FAILED
E2131Q,0,E2131Q/0/E2131Q-MD.part0003.xtc,CHECK_FAILED
E2131Q,1,E2131Q/1/E2131Q-MD.part0004.xtc,CHECK_FAILED
E2131Q,2,E2131Q/2/E2131Q-MD.part0005.xtc,CHECK_FAILED
F1994L,0,F1994L/0/F1994L-MD.part0003.xtc,CHECK_FAILED
F1994L,1,F1994L/1/F1994L-MD.part0005.xtc,CHECK_FAILED
F1994L,2,F1994L/2/F1994L-MD.part0004.xtc,CHECK_FAILED
F2004C,0,F2004C/0/F2004C-MD.part0003.xtc,CHECK_FAILED
F2004C,1,F2004C/1/F2004C-MD.part0005.xtc,CHECK_FAILED
F2004C,2,F2004C/2/F2004C-MD.part0004.xtc,CHECK_FAILED
F2004L,0,F2004L/0/F2004L-MD.part0003.xtc,CHECK_FAILED
F2004L,1,F2004L/1/F2004L-MD.part0004.xtc,CHECK_FAILED
F2004L,2,F2004L/2/F2004L-MD.part0003.xtc,CHECK_FAILED
F2004V,0,F2004V/0/F2004V-MD.part0003.xtc,CHECK_FAILED
F2004V,1,F2004V/1/F2004V-MD.part0004.xtc,CHECK_FAILED
F2004V,2,F2004V/2/F2004V-MD.part0003.xtc,CHECK_FAILED
F2075V,0,F2075V/0/F2075V-MD.part0003.xtc,CHECK_FAILED
F2075V,1,F2075V/1/F2075V-MD.part0004.xtc,CHECK_FAILED
F2075V,2,F2075V/2/F2075V-MD.part0003.xtc,CHECK_FAILED
G1957A,0,G1957A/0/G1957A-MD.part0003.xtc,CHECK_FAILED
G1957A,1,G1957A/1/G1957A-MD.part0004.xtc,CHECK_FAILED
G1957A,2,G1957A/2/G1957A-MD.part0003.xtc,CHECK_FAILED
G1971E,0,G1971E/0/G1971E-MD.part0003.xtc,CHECK_FAILED
G1971E,1,G1971E/1/G1971E-MD.part0004.xtc,CHECK_FAILED
G1971E,2,G1971E/2/G1971E-MD.part0003.xtc,CHECK_FAILED
G2032K,0,G2032K/0/G2032K-MD.part0003.xtc,CHECK_FAILED
G2032K,1,G2032K/1/G2032K-MD.part0004.xtc,CHECK_FAILED
G2032K,2,G2032K/2/G2032K-MD.part0003.xtc,CHECK_FAILED
G2032R,0,G2032R/0/G2032R-MD.part0003.xtc,CHECK_FAILED
G2032R,1,G2032R/1/G2032R-MD.part0004.xtc,CHECK_FAILED
G2032R,2,G2032R/2/G2032R-MD.part0003.xtc,CHECK_FAILED
G2048A_NC,0,G2048A_NC/0/G2048A_NC-MD.part0003.xtc,CHECK_FAILED
G2048A_NC,1,G2048A_NC/1/G2048A_NC-MD.part0004.xtc,CHECK_FAILED
G2048A_NC,2,G2048A_NC/2/G2048A_NC-MD.part0003.xtc,CHECK_FAILED
G2101A,0,G2101A/0/G2101A-MD.part0003.xtc,CHECK_FAILED
G2101A,1,G2101A/1/G2101A-MD.part0004.xtc,CHECK_FAILED
G2101A,2,G2101A/2/G2101A-MD.part0003.xtc,CHECK_FAILED
H1999Q_NC,0,H1999Q_NC/0/H1999Q_NC-MD.part0003.xtc,CHECK_FAILED
H1999Q_NC,1,H1999Q_NC/1/H1999Q_NC-MD.part0004.xtc,CHECK_FAILED
H1999Q_NC,2,H1999Q_NC/2/H1999Q_NC-MD.part0003.xtc,CHECK_FAILED
L1947R,0,L1947R/0/L1947R-MD.part0003.xtc,CHECK_FAILED
L1947R,1,L1947R/1/L1947R-MD.part0004.xtc,CHECK_FAILED
L1947R,2,L1947R/2/L1947R-MD.part0003.xtc,CHECK_FAILED
L1951R,0,L1951R/0/L1951R-MD.part0003.xtc,CHECK_FAILED
L1951R,1,L1951R/1/L1951R-MD.part0004.xtc,CHECK_FAILED
L1951R,2,L1951R/2/L1951R-MD.part0003.xtc,CHECK_FAILED
L1982F,0,L1982F/0/L1982F-MD.part0003.xtc,CHECK_FAILED
L1982F,1,L1982F/1/L1982F-MD.part0004.xtc,CHECK_FAILED
L1982F,2,L1982F/2/L1982F-MD.part0003.xtc,CHECK_FAILED
L1982V,0,L1982V/0/L1982V-MD.part0003.xtc,CHECK_FAILED
L1982V,1,L1982V/1/L1982V-MD.part0004.xtc,CHECK_FAILED
L1982V,2,L1982V/2/L1982V-MD.part0003.xtc,CHECK_FAILED
L2010M,0,L2010M/0/L2010M-MD.part0003.xtc,CHECK_FAILED
L2010M,1,L2010M/1/L2010M-MD.part0004.xtc,CHECK_FAILED
L2010M,2,L2010M/2/L2010M-MD.part0003.xtc,CHECK_FAILED
L2026M,0,L2026M/0/L2026M-MD.part0003.xtc,CHECK_FAILED
L2026M,1,L2026M/1/L2026M-MD.part0004.xtc,CHECK_FAILED
L2026M,2,L2026M/2/L2026M-MD.part0003.xtc,CHECK_FAILED
L2053V_NC,0,L2053V_NC/0/L2053V_NC-MD.part0003.xtc,CHECK_FAILED
L2053V_NC,1,L2053V_NC/1/L2053V_NC-MD.part0004.xtc,CHECK_FAILED
L2053V_NC,2,L2053V_NC/2/L2053V_NC-MD.part0003.xtc,CHECK_FAILED
L2086F,0,L2086F/0/L2086F-MD.part0003.xtc,CHECK_FAILED
L2086F,1,L2086F/1/L2086F-MD.part0004.xtc,CHECK_FAILED
L2086F,2,L2086F/2/L2086F-MD.part0003.xtc,CHECK_FAILED
L2155S,0,L2155S/0/L2155S-MD.part0003.xtc,CHECK_FAILED
L2155S,1,L2155S/1/L2155S-MD.part0004.xtc,CHECK_FAILED
L2155S,2,L2155S/2/L2155S-MD.part0003.xtc,CHECK_FAILED
Q2022P,0,Q2022P/0/Q2022P-MD.part0003.xtc,CHECK_FAILED
Q2022P,1,Q2022P/1/Q2022P-MD.part0004.xtc,CHECK_FAILED
Q2022P,2,Q2022P/2/Q2022P-MD.part0003.xtc,CHECK_FAILED
Q2022P_S1986F,0,Q2022P_S1986F/0/Q2022P_S1986F-MD.part0003.xtc,CHECK_FAILED
Q2022P_S1986F,1,Q2022P_S1986F/1/Q2022P_S1986F-MD.part0004.xtc,CHECK_FAILED
Q2022P_S1986F,2,Q2022P_S1986F/2/Q2022P_S1986F-MD.part0003.xtc,CHECK_FAILED
Q2022P_S1986Y,0,Q2022P_S1986Y/0/Q2022P_S1986Y-MD.part0003.xtc,CHECK_FAILED
Q2022P_S1986Y,1,Q2022P_S1986Y/1/Q2022P_S1986Y-MD.part0004.xtc,CHECK_FAILED
Q2022P_S1986Y,2,Q2022P_S1986Y/2/Q2022P_S1986Y-MD.part0003.xtc,CHECK_FAILED
R2078K,0,R2078K/0/R2078K-MD.part0003.xtc,CHECK_FAILED
R2078K,1,R2078K/1/R2078K-MD.part0004.xtc,CHECK_FAILED
R2078K,2,R2078K/2/R2078K-MD.part0003.xtc,CHECK_FAILED
S1986F,0,S1986F/0/S1986F-MD.part0003.xtc,CHECK_FAILED
S1986F,1,S1986F/1/S1986F-MD.part0004.xtc,CHECK_FAILED
S1986F,2,S1986F/2/S1986F-MD.part0003.xtc,CHECK_FAILED
S1986Y,0,S1986Y/0/S1986Y-MD.part0003.xtc,CHECK_FAILED
S1986Y,1,S1986Y/1/S1986Y-MD.part0004.xtc,CHECK_FAILED
S1986Y,2,S1986Y/2/S1986Y-MD.part0003.xtc,CHECK_FAILED
V2089M,0,V2089M/0/V2089M-MD.part0003.xtc,CHECK_FAILED
V2089M,1,V2089M/1/V2089M-MD.part0004.xtc,CHECK_FAILED
V2089M,2,V2089M/2/V2089M-MD.part0003.xtc,CHECK_FAILED
V2098I,0,V2098I/0/V2098I-MD.part0003.xtc,CHECK_FAILED
V2098I,1,V2098I/1/V2098I-MD.part0004.xtc,CHECK_FAILED
V2098I,2,V2098I/2/V2098I-MD.part0003.xtc,CHECK_FAILED
WT,0,WT/0/WT-MD.part0003.xtc,CHECK_FAILED
WT,1,WT/1/WT-MD.part0004.xtc,CHECK_FAILED
WT,2,WT/2/WT-MD.part0005.xtc,CHECK_FAILED
