C2060G_0,C2060G,0,2,4
C2060G_1,C2060G,1,3,5
C2060G_2,C2060G,2,4,5
D1988N_0,D1988N,0,2,4
D1988N_1,D1988N,1,4,6
D1988N_2,D1988N,2,3,5
D2033N_0,D2033N,0,2,4
D2033N_1,D2033N,1,4,6
D2033N_2,D2033N,2,3,5
D2113G_0,D2113G,0,2,4
D2113G_1,D2113G,1,3,5
D2113G_2,D2113G,2,4,6
D2113N_0,D2113N,0,2,4
D2113N_1,D2113N,1,3,5
D2113N_2,D2113N,2,4,6
E1935G_0,E1935G,0,2,4
E1935G_1,E1935G,1,3,4
E1935G_2,E1935G,2,4,5
E1990G_0,E1990G,0,2,3
E1990G_1,E1990G,1,3,4
E1990G_2,E1990G,2,4,5
E2020K_0,E2020K,0,2,3
E2020K_1,E2020K,1,3,4
E2020K_2,E2020K,2,4,5
E2131Q_0,E2131Q,0,2,3
E2131Q_1,E2131Q,1,3,4
E2131Q_2,E2131Q,2,4,5
F1994L_0,F1994L,0,2,3
F1994L_1,F1994L,1,4,5
F1994L_2,F1994L,2,3,4
F2004C_0,F2004C,0,2,3
F2004C_1,F2004C,1,4,5
F2004C_2,F2004C,2,3,4
F2004L_0,F2004L,0,2,3
F2004L_1,F2004L,1,3,4
F2004L_2,F2004L,2,2,3
F2004V_0,F2004V,0,2,3
F2004V_1,F2004V,1,3,4
F2004V_2,F2004V,2,2,3
F2075V_0,F2075V,0,2,3
F2075V_1,F2075V,1,3,4
F2075V_2,F2075V,2,2,3
G1957A_0,G1957A,0,2,3
G1957A_1,G1957A,1,3,4
G1957A_2,G1957A,2,2,3
G1971E_0,G1971E,0,2,3
G1971E_1,G1971E,1,3,4
G1971E_2,G1971E,2,2,3
G2032K_0,G2032K,0,2,3
G2032K_1,G2032K,1,3,4
G2032K_2,G2032K,2,2,3
G2032R_0,G2032R,0,2,3
G2032R_1,G2032R,1,3,4
G2032R_2,G2032R,2,2,3
G2048A_NC_0,G2048A_NC,0,2,3
G2048A_NC_1,G2048A_NC,1,3,4
G2048A_NC_2,G2048A_NC,2,2,3
G2101A_0,G2101A,0,2,3
G2101A_1,G2101A,1,3,4
G2101A_2,G2101A,2,2,3
H1999Q_NC_0,H1999Q_NC,0,2,3
H1999Q_NC_1,H1999Q_NC,1,3,4
H1999Q_NC_2,H1999Q_NC,2,2,3
L1947R_0,L1947R,0,2,3
L1947R_1,L1947R,1,3,4
L1947R_2,L1947R,2,2,3
L1951R_0,L1951R,0,2,3
L1951R_1,L1951R,1,3,4
L1951R_2,L1951R,2,2,3
L1982F_0,L1982F,0,2,3
L1982F_1,L1982F,1,3,4
L1982F_2,L1982F,2,2,3
L1982V_0,L1982V,0,2,3
L1982V_1,L1982V,1,3,4
L1982V_2,L1982V,2,2,3
L2010M_0,L2010M,0,2,3
L2010M_1,L2010M,1,3,4
L2010M_2,L2010M,2,2,3
L2026M_0,L2026M,0,2,3
L2026M_1,L2026M,1,3,4
L2026M_2,L2026M,2,2,3
L2053V_NC_0,L2053V_NC,0,2,3
L2053V_NC_1,L2053V_NC,1,3,4
L2053V_NC_2,L2053V_NC,2,2,3
L2086F_0,L2086F,0,2,3
L2086F_1,L2086F,1,3,4
L2086F_2,L2086F,2,2,3
L2155S_0,L2155S,0,2,3
L2155S_1,L2155S,1,3,4
L2155S_2,L2155S,2,2,3
Q2022P_0,Q2022P,0,2,3
Q2022P_1,Q2022P,1,3,4
Q2022P_2,Q2022P,2,2,3
Q2022P_S1986F_0,Q2022P_S1986F,0,2,3
Q2022P_S1986F_1,Q2022P_S1986F,1,3,4
Q2022P_S1986F_2,Q2022P_S1986F,2,2,3
Q2022P_S1986Y_0,Q2022P_S1986Y,0,2,3
Q2022P_S1986Y_1,Q2022P_S1986Y,1,3,4
Q2022P_S1986Y_2,Q2022P_S1986Y,2,2,3
R2078K_0,R2078K,0,2,3
R2078K_1,R2078K,1,3,4
R2078K_2,R2078K,2,2,3
S1986F_0,S1986F,0,2,3
S1986F_1,S1986F,1,3,4
S1986F_2,S1986F,2,2,3
S1986Y_0,S1986Y,0,2,3
S1986Y_1,S1986Y,1,3,4
S1986Y_2,S1986Y,2,2,3
V2089M_0,V2089M,0,2,3
V2089M_1,V2089M,1,3,4
V2089M_2,V2089M,2,2,3
V2098I_0,V2098I,0,2,3
V2098I_1,V2098I,1,3,4
V2098I_2,V2098I,2,2,3
WT_0,WT,0,2,3
WT_1,WT,1,3,4
WT_2,WT,2,4,5
