C2060G,0,C2060G/0/C2060G-MD.part0004.log,2026-03-24 11:48:32.187769823 +0100
C2060G,1,C2060G/1/C2060G-MD.part0005.log,2026-03-24 11:49:00.528971458 +0100
C2060G,2,C2060G/2/C2060G-MD.part0005.log,2026-03-24 11:49:30.102225331 +0100
D1988N,0,D1988N/0/D1988N-MD.part0004.log,2026-03-24 11:49:50.467088778 +0100
D1988N,1,D1988N/1/D1988N-MD.part0006.log,2026-03-24 11:50:21.904419204 +0100
D1988N,2,D1988N/2/D1988N-MD.part0005.log,2026-03-24 11:50:47.425498827 +0100
D2033N,0,D2033N/0/D2033N-MD.part0004.log,2026-03-24 11:51:07.638353895 +0100
D2033N,1,D2033N/1/D2033N-MD.part0006.log,2026-03-24 11:51:38.891676011 +0100
D2033N,2,D2033N/2/D2033N-MD.part0005.log,2026-03-24 11:52:05.256791339 +0100
D2113G,0,D2113G/0/D2113G-MD.part0004.log,2026-03-24 11:52:25.977667901 +0100
D2113G,1,D2113G/1/D2113G-MD.part0005.log,2026-03-24 11:52:52.702798459 +0100
D2113G,2,D2113G/2/D2113G-MD.part0006.log,2026-03-24 11:53:20.179960830 +0100
D2113N,0,D2113N/0/D2113N-MD.part0004.log,2026-03-24 11:53:40.380815391 +0100
D2113N,1,D2113N/1/D2113N-MD.part0005.log,2026-03-24 11:54:06.909937657 +0100
D2113N,2,D2113N/2/D2113N-MD.part0006.log,2026-03-24 11:54:34.335097827 +0100
E1935G,0,E1935G/0/E1935G-MD.part0004.log,2026-03-24 11:54:55.043990365 +0100
E1935G,1,E1935G/1/E1935G-MD.part0004.log,2026-03-24 11:55:22.773191049 +0100
E1935G,2,E1935G/2/E1935G-MD.part0005.log,2026-03-24 11:55:51.934453744 +0100
E1990G,0,E1990G/0/E1990G-MD.part0003.log,2026-03-24 11:56:12.511344731 +0100
E1990G,1,E1990G/1/E1990G-MD.part0004.log,2026-03-24 11:56:39.084495359 +0100
E1990G,2,E1990G/2/E1990G-MD.part0005.log,2026-03-24 11:57:07.073707305 +0100
E2020K,0,E2020K/0/E2020K-MD.part0003.log,2026-03-24 11:57:27.186578200 +0100
E2020K,1,E2020K/1/E2020K-MD.part0004.log,2026-03-24 11:57:55.031783907 +0100
E2020K,2,E2020K/2/E2020K-MD.part0005.log,2026-03-24 11:58:24.269040532 +0100
E2131Q,0,E2131Q/0/E2131Q-MD.part0003.log,2026-03-24 11:58:45.625943568 +0100
E2131Q,1,E2131Q/1/E2131Q-MD.part0004.log,2026-03-24 11:59:13.647128392 +0100
E2131Q,2,E2131Q/2/E2131Q-MD.part0005.log,2026-03-24 11:59:42.952368574 +0100
F1994L,0,F1994L/0/F1994L-MD.part0003.log,2026-03-24 12:00:03.789250672 +0100
F1994L,1,F1994L/1/F1994L-MD.part0005.log,2026-03-24 12:00:31.546425732 +0100
F1994L,2,F1994L/2/F1994L-MD.part0004.log,2026-03-24 12:00:57.759535426 +0100
F2004C,0,F2004C/0/F2004C-MD.part0003.log,2026-03-24 12:01:18.240402452 +0100
F2004C,1,F2004C/1/F2004C-MD.part0005.log,2026-03-24 12:01:43.893488438 +0100
F2004C,2,F2004C/2/F2004C-MD.part0004.log,2026-03-24 12:02:11.274647579 +0100
F2004L,0,F2004L/0/F2004L-MD.part0003.log,2026-03-24 12:02:31.923521719 +0100
F2004L,1,F2004L/1/F2004L-MD.part0004.log,2026-03-24 12:02:58.024626670 +0100
F2004L,2,F2004L/2/F2004L-MD.part0003.log,2026-03-24 12:03:13.381276772 +0100
F2004V,0,F2004V/0/F2004V-MD.part0003.log,2026-03-24 12:03:31.810056928 +0100
F2004V,1,F2004V/1/F2004V-MD.part0004.log,2026-03-24 12:03:58.983207262 +0100
F2004V,2,F2004V/2/F2004V-MD.part0003.log,2026-03-24 12:04:14.695874289 +0100
F2075V,0,F2075V/0/F2075V-MD.part0003.log,2026-03-24 12:04:33.416670438 +0100
F2075V,1,F2075V/1/F2075V-MD.part0004.log,2026-03-24 12:04:59.769791171 +0100
F2075V,2,F2075V/2/F2075V-MD.part0003.log,2026-03-24 12:05:15.474459052 +0100
G1957A,0,G1957A/0/G1957A-MD.part0003.log,2026-03-24 12:05:34.387263368 +0100
G1957A,1,G1957A/1/G1957A-MD.part0004.log,2026-03-24 12:06:00.296365218 +0100
G1957A,2,G1957A/2/G1957A-MD.part0003.log,2026-03-24 12:06:16.257043986 +0100
G1971E,0,G1971E/0/G1971E-MD.part0003.log,2026-03-24 12:06:35.521863271 +0100
G1971E,1,G1971E/1/G1971E-MD.part0004.log,2026-03-24 12:07:02.299002037 +0100
G1971E,2,G1971E/2/G1971E-MD.part0003.log,2026-03-24 12:07:18.099674001 +0100
G2032K,0,G2032K/0/G2032K-MD.part0003.log,2026-03-24 12:07:36.916474234 +0100
G2032K,1,G2032K/1/G2032K-MD.part0004.log,2026-03-24 12:08:03.297596159 +0100
G2032K,2,G2032K/2/G2032K-MD.part0003.log,2026-03-24 12:08:19.330277989 +0100
G2032R,0,G2032R/0/G2032R-MD.part0003.log,2026-03-24 12:08:38.151078392 +0100
G2032R,1,G2032R/1/G2032R-MD.part0004.log,2026-03-24 12:09:04.668206393 +0100
G2032R,2,G2032R/2/G2032R-MD.part0003.log,2026-03-24 12:09:20.740890230 +0100
G2048A_NC,0,G2048A_NC/0/G2048A_NC-MD.part0003.log,2026-03-24 12:09:40.225719241 +0100
G2048A_NC,1,G2048A_NC/1/G2048A_NC-MD.part0004.log,2026-03-24 12:10:08.838936632 +0100
G2048A_NC,2,G2048A_NC/2/G2048A_NC-MD.part0003.log,2026-03-24 12:10:24.419599536 +0100
G2101A,0,G2101A/0/G2101A-MD.part0003.log,2026-03-24 12:10:43.096394168 +0100
G2101A,1,G2101A/1/G2101A-MD.part0004.log,2026-03-24 12:11:09.801530377 +0100
G2101A,2,G2101A/2/G2101A-MD.part0003.log,2026-03-24 12:11:24.966175580 +0100
H1999Q_NC,0,H1999Q_NC/0/H1999Q_NC-MD.part0003.log,2026-03-24 12:11:44.138991316 +0100
H1999Q_NC,1,H1999Q_NC/1/H1999Q_NC-MD.part0004.log,2026-03-24 12:12:11.708164287 +0100
H1999Q_NC,2,H1999Q_NC/2/H1999Q_NC-MD.part0003.log,2026-03-24 12:12:27.692844379 +0100
L1947R,0,L1947R/0/L1947R-MD.part0003.log,2026-03-24 12:12:46.261634416 +0100
L1947R,1,L1947R/1/L1947R-MD.part0004.log,2026-03-24 12:13:13.814806706 +0100
L1947R,2,L1947R/2/L1947R-MD.part0003.log,2026-03-24 12:13:29.663481012 +0100
L1951R,0,L1951R/0/L1951R-MD.part0003.log,2026-03-24 12:13:48.760537659 +0100
L1951R,1,L1951R/1/L1951R-MD.part0004.log,2026-03-24 12:14:15.198021744 +0100
L1951R,2,L1951R/2/L1951R-MD.part0003.log,2026-03-24 12:14:30.646726749 +0100
L1982F,0,L1982F/0/L1982F-MD.part0003.log,2026-03-24 12:14:49.115513169 +0100
L1982F,1,L1982F/1/L1982F-MD.part0004.log,2026-03-24 12:15:16.808692372 +0100
L1982F,2,L1982F/2/L1982F-MD.part0003.log,2026-03-24 12:15:32.853375571 +0100
L1982V,0,L1982V/0/L1982V-MD.part0003.log,2026-03-24 12:15:51.890186178 +0100
L1982V,1,L1982V/1/L1982V-MD.part0004.log,2026-03-24 12:16:18.947338299 +0100
L1982V,2,L1982V/2/L1982V-MD.part0003.log,2026-03-24 12:16:34.848015366 +0100
L2010M,0,L2010M/0/L2010M-MD.part0003.log,2026-03-24 12:16:54.464850671 +0100
L2010M,1,L2010M/1/L2010M-MD.part0004.log,2026-03-24 12:17:22.258034132 +0100
L2010M,2,L2010M/2/L2010M-MD.part0003.log,2026-03-24 12:17:38.598729935 +0100
L2026M,0,L2026M/0/L2026M-MD.part0003.log,2026-03-24 12:17:57.879550931 +0100
L2026M,1,L2026M/1/L2026M-MD.part0004.log,2026-03-24 12:18:25.344725193 +0100
L2026M,2,L2026M/2/L2026M-MD.part0003.log,2026-03-24 12:18:41.261410776 +0100
L2053V_NC,0,L2053V_NC/0/L2053V_NC-MD.part0003.log,2026-03-24 12:19:00.586243158 +0100
L2053V_NC,1,L2053V_NC/1/L2053V_NC-MD.part0004.log,2026-03-24 12:19:27.915420313 +0100
L2053V_NC,2,L2053V_NC/2/L2053V_NC-MD.part0003.log,2026-03-24 12:19:44.448132429 +0100
L2086F,0,L2086F/0/L2086F-MD.part0003.log,2026-03-24 12:20:03.976973599 +0100
L2086F,1,L2086F/1/L2086F-MD.part0004.log,2026-03-24 12:20:30.990137143 +0100
L2086F,2,L2086F/2/L2086F-MD.part0003.log,2026-03-24 12:20:47.450846157 +0100
L2155S,0,L2155S/0/L2155S-MD.part0003.log,2026-03-24 12:21:06.707675610 +0100
L2155S,1,L2155S/1/L2155S-MD.part0004.log,2026-03-24 12:21:33.904847079 +0100
L2155S,2,L2155S/2/L2155S-MD.part0003.log,2026-03-24 12:21:49.937537658 +0100
Q2022P,0,Q2022P/0/Q2022P-MD.part0003.log,2026-03-24 12:22:09.338373314 +0100
Q2022P,1,Q2022P/1/Q2022P-MD.part0004.log,2026-03-24 12:22:37.991607500 +0100
Q2022P,2,Q2022P/2/Q2022P-MD.part0003.log,2026-03-24 12:22:54.984339431 +0100
Q2022P_S1986F,0,Q2022P_S1986F/0/Q2022P_S1986F-MD.part0003.log,2026-03-24 12:23:14.593184050 +0100
Q2022P_S1986F,1,Q2022P_S1986F/1/Q2022P_S1986F-MD.part0004.log,2026-03-24 12:23:43.750439956 +0100
Q2022P_S1986F,2,Q2022P_S1986F/2/Q2022P_S1986F-MD.part0003.log,2026-03-24 12:24:00.135145703 +0100
Q2022P_S1986Y,0,Q2022P_S1986Y/0/Q2022P_S1986Y-MD.part0003.log,2026-03-24 12:24:19.683987740 +0100
Q2022P_S1986Y,1,Q2022P_S1986Y/1/Q2022P_S1986Y-MD.part0004.log,2026-03-24 12:24:46.001121311 +0100
Q2022P_S1986Y,2,Q2022P_S1986Y/2/Q2022P_S1986Y-MD.part0003.log,2026-03-24 12:25:01.897806037 +0100
R2078K,0,R2078K/0/R2078K-MD.part0003.log,2026-03-24 12:25:21.430647384 +0100
R2078K,1,R2078K/1/R2078K-MD.part0004.log,2026-03-24 12:25:48.639819379 +0100
R2078K,2,R2078K/2/R2078K-MD.part0003.log,2026-03-24 12:26:04.696510998 +0100
S1986F,0,S1986F/0/S1986F-MD.part0003.log,2026-03-24 12:26:23.729330807 +0100
S1986F,1,S1986F/1/S1986F-MD.part0004.log,2026-03-24 12:26:51.358520893 +0100
S1986F,2,S1986F/2/S1986F-MD.part0003.log,2026-03-24 12:27:07.039196315 +0100
S1986Y,0,S1986Y/0/S1986Y-MD.part0003.log,2026-03-24 12:27:26.444032150 +0100
S1986Y,1,S1986Y/1/S1986Y-MD.part0004.log,2026-03-24 12:27:52.937173302 +0100
S1986Y,2,S1986Y/2/S1986Y-MD.part0003.log,2026-03-24 12:28:08.581847173 +0100
V2089M,0,V2089M/0/V2089M-MD.part0003.log,2026-03-24 12:28:27.394657506 +0100
V2089M,1,V2089M/1/V2089M-MD.part0004.log,2026-03-24 12:28:54.883841562 +0100
V2089M,2,V2089M/2/V2089M-MD.part0003.log,2026-03-24 12:29:11.012536281 +0100
V2098I,0,V2098I/0/V2098I-MD.part0003.log,2026-03-24 12:29:29.589336446 +0100
V2098I,1,V2098I/1/V2098I-MD.part0004.log,2026-03-24 12:29:56.482494830 +0100
V2098I,2,V2098I/2/V2098I-MD.part0003.log,2026-03-24 12:30:12.159170079 +0100
WT,0,WT/0/WT-MD.part0003.log,2026-03-24 12:30:31.039983341 +0100
WT,1,WT/1/WT-MD.part0004.log,2026-03-24 12:30:57.717132420 +0100
WT,2,WT/2/WT-MD.part0005.log,2026-03-24 12:31:26.794384878 +0100
