F2004L,0,2001,50
F2004L,1,2001,50
F2004L,2,2001,50
Q2022P,1,2001,50
Q2022P,2,2001,50
Q2022P,0,2001,50
V2089M,0,2001,50
V2089M,2,2001,50
V2089M,1,2001,50
R2078K,2,2001,50
R2078K,1,2001,50
R2078K,0,2001,50
L2053V_NC,0,2001,50
L2053V_NC,1,2001,50
L2053V_NC,2,2001,50
E1935G,1,4001,50
E1935G,2,2001,50
E1935G,0,4001,50
V2098I,0,2001,50
V2098I,1,2001,50
V2098I,2,2001,50
Q2022P_S1986F,1,2001,50
Q2022P_S1986F,2,2001,50
Q2022P_S1986F,0,2001,50
G1971E,1,2001,50
G1971E,2,2001,50
G1971E,0,2001,50
E2020K,0,2001,50
E2020K,2,2001,50
E2020K,1,2001,50
D2113N,2,4607,50
D2113N,1,4001,50
D2113N,0,4001,50
E2131Q,1,2001,50
E2131Q,2,2001,50
E2131Q,0,2001,50
L2086F,0,2001,50
L2086F,2,2001,50
L2086F,1,2001,50
S1986Y,0,2001,50
S1986Y,2,2001,50
S1986Y,1,2001,50
F1994L,1,2001,50
F1994L,2,2001,50
F1994L,0,2001,50
G2032R,0,2001,50
G2032R,2,2001,50
G2032R,1,2001,50
D2033N,0,4001,50
D2033N,1,6050,50
D2033N,2,4001,50
D2113G,1,4001,50
D2113G,2,4810,50
D2113G,0,4001,50
G2032K,1,2001,50
G2032K,2,2001,50
G2032K,0,2001,50
G1957A,0,2001,50
G1957A,2,2001,50
G1957A,1,2001,50
G2048A_NC,2,2001,50
G2048A_NC,1,2001,50
G2048A_NC,0,2001,50
F2004V,1,2001,50
F2004V,2,2001,50
F2004V,0,2001,50
C2060G,0,4001,50
C2060G,1,4001,50
C2060G,2,5861,50
L1982V,2,2001,50
L1982V,1,2001,50
L1982V,0,2001,50
L2026M,1,2001,50
L2026M,2,2001,50
L2026M,0,2001,50
WT,1,4001,50
WT,2,5599,50
WT,0,4001,50
F2075V,2,2001,50
F2075V,1,2001,50
F2075V,0,2001,50
E1990G,0,4001,50
E1990G,1,2001,50
E1990G,2,2001,50
D1988N,0,4001,50
D1988N,2,4001,50
D1988N,1,6064,50
L2010M,0,2001,50
L2010M,1,2001,50
L2010M,2,2001,50
L1951R,0,2001,50
L1951R,2,2001,50
L1951R,1,2001,50
Q2022P_S1986Y,1,2001,50
Q2022P_S1986Y,2,2001,50
Q2022P_S1986Y,0,2001,50
H1999Q_NC,2,2001,50
H1999Q_NC,1,2001,50
H1999Q_NC,0,2001,50
F2004C,2,2001,50
F2004C,1,2001,50
F2004C,0,2001,50
L2155S,0,2001,50
L2155S,2,2001,50
L2155S,1,2001,50
G2101A,1,2001,50
G2101A,2,2001,50
G2101A,0,2001,50
S1986F,2,2001,50
S1986F,1,2001,50
S1986F,0,2001,50
L1982F,0,2001,50
L1982F,2,2001,50
L1982F,1,2001,50
L1947R,0,2001,50
L1947R,2,2001,50
L1947R,1,2001,50
