F2004L,0,50.000
F2004L,1,50.000
F2004L,2,50.000
Q2022P,1,50.000
Q2022P,2,50.000
Q2022P,0,50.000
V2089M,0,50.000
V2089M,2,50.000
V2089M,1,50.000
R2078K,2,50.000
R2078K,1,50.000
R2078K,0,50.000
L2053V_NC,0,50.000
L2053V_NC,1,50.000
L2053V_NC,2,50.000
E1935G,1,100050.000
E1935G,2,50.000
E1935G,0,100050.000
V2098I,0,50.000
V2098I,1,50.000
V2098I,2,50.000
Q2022P_S1986F,1,50.000
Q2022P_S1986F,2,50.000
Q2022P_S1986F,0,50.000
G1971E,1,50.000
G1971E,2,50.000
G1971E,0,50.000
E2020K,0,50.000
E2020K,2,50.000
E2020K,1,50.000
D2113N,2,
D2113N,1,100050.000
D2113N,0,100050.000
E2131Q,1,50.000
E2131Q,2,50.000
E2131Q,0,50.000
L2086F,0,50.000
L2086F,2,50.000
L2086F,1,50.000
S1986Y,0,50.000
S1986Y,2,50.000
S1986Y,1,50.000
F1994L,1,50.000
F1994L,2,50.000
F1994L,0,50.000
G2032R,0,50.000
G2032R,2,50.000
G2032R,1,50.000
D2033N,0,100050.000
D2033N,1,
D2033N,2,100050.000
D2113G,1,100050.000
D2113G,2,
D2113G,0,100050.000
G2032K,1,50.000
G2032K,2,50.000
G2032K,0,50.000
G1957A,0,50.000
G1957A,2,50.000
G1957A,1,50.000
G2048A_NC,2,50.000
G2048A_NC,1,50.000
G2048A_NC,0,50.000
F2004V,1,50.000
F2004V,2,50.000
F2004V,0,50.000
C2060G,0,100050.000
C2060G,1,100050.000
C2060G,2,
L1982V,2,50.000
L1982V,1,50.000
L1982V,0,50.000
L2026M,1,50.000
L2026M,2,50.000
L2026M,0,50.000
WT,1,100050.000
WT,2,
WT,0,100050.000
F2075V,2,50.000
F2075V,1,50.000
F2075V,0,50.000
E1990G,0,100050.000
E1990G,1,50.000
E1990G,2,50.000
D1988N,0,100050.000
D1988N,2,100050.000
D1988N,1,
L2010M,0,50.000
L2010M,1,50.000
L2010M,2,50.000
L1951R,0,50.000
L1951R,2,50.000
L1951R,1,50.000
Q2022P_S1986Y,1,50.000
Q2022P_S1986Y,2,50.000
Q2022P_S1986Y,0,50.000
H1999Q_NC,2,50.000
H1999Q_NC,1,50.000
H1999Q_NC,0,50.000
F2004C,2,50.000
F2004C,1,50.000
F2004C,0,50.000
L2155S,0,50.000
L2155S,2,50.000
L2155S,1,50.000
G2101A,1,50.000
G2101A,2,50.000
G2101A,0,50.000
S1986F,2,50.000
S1986F,1,50.000
S1986F,0,50.000
L1982F,0,50.000
L1982F,2,50.000
L1982F,1,50.000
L1947R,0,50.000
L1947R,2,50.000
L1947R,1,50.000
