mutant,state,mean,median,count
C2060G,-1,1311.0,1373.0,3
D1988N,-1,1317.0,1371.0,3
D2033N,-1,1315.0,1369.0,3
D2113G,-1,1268.3333333333333,1362.0,3
D2113N,-1,1267.0,1370.0,3
E1935G,-1,1267.6666666666667,1332.0,3
E1990G,-1,1327.3333333333333,1398.0,3
E2020K,-1,1266.6666666666667,1331.0,3
E2131Q,-1,1270.3333333333333,1336.0,3
F2004C,-1,1219.6666666666667,1287.0,3
F2004L,-1,951.0,1001.0,3
F2004V,-1,982.3333333333334,1001.0,3
F2075V,-1,969.3333333333334,1001.0,3
G1957A,-1,1007.6666666666666,1001.0,3
G1971E,-1,986.6666666666666,1001.0,3
G2032K,-1,968.3333333333334,1001.0,3
G2032R,-1,973.3333333333334,1001.0,3
G2048A_NC,-1,856.6666666666666,1001.0,3
G2101A,-1,950.3333333333334,1001.0,3
H1999Q_NC,-1,935.0,1001.0,3
L1947R,-1,974.0,1001.0,3
L1951R,-1,978.0,1001.0,3
L1982F,-1,965.6666666666666,1001.0,3
L1982V,-1,967.3333333333334,1001.0,3
L2010M,-1,970.3333333333334,1001.0,3
L2026M,-1,963.3333333333334,1001.0,3
L2053V_NC,-1,977.6666666666666,1001.0,3
L2086F,-1,980.0,1001.0,3
L2155S,-1,973.0,1001.0,3
Q2022P,-1,989.6666666666666,1001.0,3
Q2022P_S1986F,-1,935.3333333333334,1001.0,3
Q2022P_S1986Y,-1,981.6666666666666,1001.0,3
R2078K,-1,943.0,1001.0,3
S1986F,-1,950.6666666666666,1001.0,3
S1986Y,-1,943.3333333333334,1001.0,3
V2089M,-1,942.0,1001.0,3
V2098I,-1,969.0,1001.0,3
WT,-1,1287.6666666666667,1361.0,3
