state,dwell_frames,traj_index,mutant,replica
-1,1001,0,C2060G,0
-1,1373,1,C2060G,1
-1,1559,2,C2060G,2
-1,1001,3,D1988N,0
-1,1579,4,D1988N,1
-1,1371,5,D1988N,2
-1,1001,6,D2033N,0
-1,1575,7,D2033N,1
-1,1369,8,D2033N,2
-1,1001,9,D2113G,0
-1,1362,10,D2113G,1
-1,1442,11,D2113G,2
-1,1001,12,D2113N,0
-1,1370,13,D2113N,1
-1,1430,14,D2113N,2
-1,1001,15,E1935G,0
-1,1332,16,E1935G,1
-1,1470,17,E1935G,2
-1,1001,18,E1990G,0
-1,1398,19,E1990G,1
-1,1583,20,E1990G,2
-1,1001,21,E2020K,0
-1,1331,22,E2020K,1
-1,1468,23,E2020K,2
-1,1001,24,E2131Q,0
-1,1336,25,E2131Q,1
-1,1474,26,E2131Q,2
-1,1001,27,F2004C,0
-1,1287,28,F2004C,1
-1,1371,29,F2004C,2
-1,1001,30,F2004L,0
-1,1336,31,F2004L,1
-1,516,32,F2004L,2
-1,1001,33,F2004V,0
-1,1374,34,F2004V,1
-1,572,35,F2004V,2
-1,1001,36,F2075V,0
-1,1363,37,F2075V,1
-1,544,38,F2075V,2
-1,1001,39,G1957A,0
-1,1402,40,G1957A,1
-1,620,41,G1957A,2
-1,1001,42,G1971E,0
-1,1371,43,G1971E,1
-1,588,44,G1971E,2
-1,1001,45,G2032K,0
-1,1368,46,G2032K,1
-1,536,47,G2032K,2
-1,1001,48,G2032R,0
-1,1365,49,G2032R,1
-1,554,50,G2032R,2
-1,1001,51,G2048A_NC,0
-1,1253,52,G2048A_NC,1
-1,316,53,G2048A_NC,2
-1,1001,54,G2101A,0
-1,1338,55,G2101A,1
-1,512,56,G2101A,2
-1,1001,57,H1999Q_NC,0
-1,1333,58,H1999Q_NC,1
-1,471,59,H1999Q_NC,2
-1,1001,60,L1947R,0
-1,1368,61,L1947R,1
-1,553,62,L1947R,2
-1,1001,63,L1951R,0
-1,1369,64,L1951R,1
-1,564,65,L1951R,2
-1,1001,66,L1982F,0
-1,1361,67,L1982F,1
-1,535,68,L1982F,2
-1,1001,69,L1982V,0
-1,1367,70,L1982V,1
-1,534,71,L1982V,2
-1,1001,72,L2010M,0
-1,1363,73,L2010M,1
-1,547,74,L2010M,2
-1,1001,75,L2026M,0
-1,1365,76,L2026M,1
-1,524,77,L2026M,2
-1,1001,78,L2053V_NC,0
-1,1370,79,L2053V_NC,1
-1,562,80,L2053V_NC,2
-1,1001,81,L2086F,0
-1,1371,82,L2086F,1
-1,568,83,L2086F,2
-1,1001,84,L2155S,0
-1,1365,85,L2155S,1
-1,553,86,L2155S,2
-1,1001,87,Q2022P,0
-1,1394,88,Q2022P,1
-1,574,89,Q2022P,2
-1,1001,90,Q2022P_S1986F,0
-1,1312,91,Q2022P_S1986F,1
-1,493,92,Q2022P_S1986F,2
-1,1001,93,Q2022P_S1986Y,0
-1,1373,94,Q2022P_S1986Y,1
-1,571,95,Q2022P_S1986Y,2
-1,1001,96,R2078K,0
-1,1334,97,R2078K,1
-1,494,98,R2078K,2
-1,1001,99,S1986F,0
-1,1360,100,S1986F,1
-1,491,101,S1986F,2
-1,1001,102,S1986Y,0
-1,1334,103,S1986Y,1
-1,495,104,S1986Y,2
-1,1001,105,V2089M,0
-1,1338,106,V2089M,1
-1,487,107,V2089M,2
-1,1001,108,V2098I,0
-1,1362,109,V2098I,1
-1,544,110,V2098I,2
-1,1001,111,WT,0
-1,1361,112,WT,1
-1,1501,113,WT,2
