mutant,switch_count__mean,switch_count__std,switch_count__count,mean_dwell_frames__mean,mean_dwell_frames__std,mean_dwell_frames__count,n_states_observed__mean,n_states_observed__std,n_states_observed__count
C2060G,0.0,0.0,3,1311.0,284.1196930872621,3,1.0,0.0,3
D1988N,0.0,0.0,3,1317.0,292.7592867869438,3,1.0,0.0,3
D2033N,0.0,0.0,3,1315.0,290.7851440496918,3,1.0,0.0,3
D2113G,0.0,0.0,3,1268.3333333333333,234.94751186878602,3,1.0,0.0,3
D2113N,0.0,0.0,3,1267.0,232.30798522650917,3,1.0,0.0,3
E1935G,0.0,0.0,3,1267.6666666666667,241.02766092988855,3,1.0,0.0,3
E1990G,0.0,0.0,3,1327.3333333333333,297.3656559411886,3,1.0,0.0,3
E2020K,0.0,0.0,3,1266.6666666666667,240.05485484224917,3,1.0,0.0,3
E2131Q,0.0,0.0,3,1270.3333333333333,243.24130679909888,3,1.0,0.0,3
F2004C,0.0,0.0,3,1219.6666666666667,193.97250664290888,3,1.0,0.0,3
F2004L,0.0,0.0,3,951.0,412.2802444939607,3,1.0,0.0,3
F2004V,0.0,0.0,3,982.3333333333334,401.3257197505953,3,1.0,0.0,3
F2075V,0.0,0.0,3,969.3333333333334,410.41726734304603,3,1.0,0.0,3
G1957A,0.0,0.0,3,1007.6666666666666,391.0426234227329,3,1.0,0.0,3
G1971E,0.0,0.0,3,986.6666666666666,391.6967364343662,3,1.0,0.0,3
G2032K,0.0,0.0,3,968.3333333333334,416.96082949520974,3,1.0,0.0,3
G2032R,0.0,0.0,3,973.3333333333334,406.20725416138663,3,1.0,0.0,3
G2048A_NC,0.0,0.0,3,856.6666666666666,484.8879595672936,3,1.0,0.0,3
G2101A,0.0,0.0,3,950.3333333333334,415.32437122486965,3,1.0,0.0,3
H1999Q_NC,0.0,0.0,3,935.0,434.7735042525016,3,1.0,0.0,3
L1947R,0.0,0.0,3,974.0,408.1703075923088,3,1.0,0.0,3
L1951R,0.0,0.0,3,978.0,402.99255576251034,3,1.0,0.0,3
L1982F,0.0,0.0,3,965.6666666666666,414.1320240374237,3,1.0,0.0,3
L1982V,0.0,0.0,3,967.3333333333334,417.5192610327496,3,1.0,0.0,3
L2010M,0.0,0.0,3,970.3333333333334,408.8634653931962,3,1.0,0.0,3
L2026M,0.0,0.0,3,963.3333333333334,421.7633617721356,3,1.0,0.0,3
L2053V_NC,0.0,0.0,3,977.6666666666666,404.5050473521107,3,1.0,0.0,3
L2086F,0.0,0.0,3,980.0,401.91168184067504,3,1.0,0.0,3
L2155S,0.0,0.0,3,973.0,406.7234932973506,3,1.0,0.0,3
Q2022P,0.0,0.0,3,989.6666666666666,410.11746284855184,3,1.0,0.0,3
Q2022P_S1986F,0.0,0.0,3,935.3333333333334,413.42996182344274,3,1.0,0.0,3
Q2022P_S1986Y,0.0,0.0,3,981.6666666666666,401.3493905979344,3,1.0,0.0,3
R2078K,0.0,0.0,3,943.0,422.99290774196203,3,1.0,0.0,3
S1986F,0.0,0.0,3,950.6666666666666,436.68104302034146,3,1.0,0.0,3
S1986Y,0.0,0.0,3,943.3333333333334,422.4622271083337,3,1.0,0.0,3
V2089M,0.0,0.0,3,942.0,428.55688070546717,3,1.0,0.0,3
V2098I,0.0,0.0,3,969.0,409.9378001599755,3,1.0,0.0,3
WT,0.0,0.0,3,1287.6666666666667,257.940561628708,3,1.0,0.0,3
