mutant,-1,0
C2060G,0.012712941774726672,0.9872870582252733
D1988N,0.012401923563654771,0.9875980764363452
D2033N,0.007858048162230671,0.9921419518377693
D2113G,0.0015768725361366622,0.9984231274638633
D2113N,0.0007892659826361484,0.9992107340173638
E1935G,0.0034183539311070208,0.996581646068893
E1990G,0.008287292817679558,0.9917127071823204
E2020K,0.025,0.975
E2131Q,0.042770926266071894,0.9572290737339281
F2004C,0.05138015851325499,0.948619841486745
F2004L,0.012618296529968454,0.9873817034700315
F2004V,0.004411265693926026,0.995588734306074
F2075V,0.005502063273727648,0.9944979367262724
G1957A,0.0029771749917300696,0.9970228250082699
G1971E,0.0010135135135135136,0.9989864864864865
G2032K,0.002065404475043029,0.997934595524957
G2032R,0.00684931506849315,0.9931506849315068
G2048A_NC,0.052140077821011675,0.9478599221789883
G2101A,0.008418098912662224,0.9915819010873378
H1999Q_NC,0.01639928698752228,0.9836007130124778
L1947R,0.019507186858316223,0.9804928131416838
L1951R,0.051806407634628494,0.9481935923653715
L1982F,0.014497756299620296,0.9855022437003798
L1982V,0.07270847691247416,0.9272915230875258
L2010M,0.008244589488148402,0.9917554105118516
L2026M,0.0058823529411764705,0.9941176470588236
L2053V_NC,0.013637913399249914,0.9863620866007501
L2086F,0.03503401360544218,0.9649659863945578
L2155S,0.022610483042137718,0.9773895169578622
Q2022P,0.04513304142809026,0.9548669585719097
Q2022P_S1986F,0.015324305060584463,0.9846756949394155
Q2022P_S1986Y,0.02071307300509338,0.9792869269949066
R2078K,0.009544008483563097,0.9904559915164369
S1986F,0.0024544179523141654,0.9975455820476858
S1986Y,0.0431095406360424,0.9568904593639576
V2089M,0.012031139419674451,0.9879688605803255
V2098I,0.03611971104231166,0.9638802889576883
WT,0.008283717318146519,0.9917162826818535
