mutant,replica,cluster_hdb,count,fraction
C2060G,0,-1,1001,1.0
C2060G,1,-1,1373,1.0
C2060G,2,-1,1559,1.0
D1988N,0,-1,1001,1.0
D1988N,1,-1,1579,1.0
D1988N,2,-1,1371,1.0
D2033N,0,-1,1001,1.0
D2033N,1,-1,1575,1.0
D2033N,2,-1,1369,1.0
D2113G,0,-1,1001,1.0
D2113G,1,-1,1362,1.0
D2113G,2,-1,1442,1.0
D2113N,0,-1,1001,1.0
D2113N,1,-1,1370,1.0
D2113N,2,-1,1430,1.0
E1935G,0,-1,1001,1.0
E1935G,1,-1,1332,1.0
E1935G,2,-1,1470,1.0
E1990G,0,-1,1001,1.0
E1990G,1,-1,1398,1.0
E1990G,2,-1,1583,1.0
E2020K,0,-1,1001,1.0
E2020K,1,-1,1331,1.0
E2020K,2,-1,1468,1.0
E2131Q,0,-1,1001,1.0
E2131Q,1,-1,1336,1.0
E2131Q,2,-1,1474,1.0
F2004C,0,-1,1001,1.0
F2004C,1,-1,1287,1.0
F2004C,2,-1,1371,1.0
F2004L,0,-1,1001,1.0
F2004L,1,-1,1336,1.0
F2004L,2,-1,516,1.0
F2004V,0,-1,1001,1.0
F2004V,1,-1,1374,1.0
F2004V,2,-1,572,1.0
F2075V,0,-1,1001,1.0
F2075V,1,-1,1363,1.0
F2075V,2,-1,544,1.0
G1957A,0,-1,1001,1.0
G1957A,1,-1,1402,1.0
G1957A,2,-1,620,1.0
G1971E,0,-1,1001,1.0
G1971E,1,-1,1371,1.0
G1971E,2,-1,588,1.0
G2032K,0,-1,1001,1.0
G2032K,1,-1,1368,1.0
G2032K,2,-1,536,1.0
G2032R,0,-1,1001,1.0
G2032R,1,-1,1365,1.0
G2032R,2,-1,554,1.0
G2048A_NC,0,-1,1001,1.0
G2048A_NC,1,-1,1253,1.0
G2048A_NC,2,-1,316,1.0
G2101A,0,-1,1001,1.0
G2101A,1,-1,1338,1.0
G2101A,2,-1,512,1.0
H1999Q_NC,0,-1,1001,1.0
H1999Q_NC,1,-1,1333,1.0
H1999Q_NC,2,-1,471,1.0
L1947R,0,-1,1001,1.0
L1947R,1,-1,1368,1.0
L1947R,2,-1,553,1.0
L1951R,0,-1,1001,1.0
L1951R,1,-1,1369,1.0
L1951R,2,-1,564,1.0
L1982F,0,-1,1001,1.0
L1982F,1,-1,1361,1.0
L1982F,2,-1,535,1.0
L1982V,0,-1,1001,1.0
L1982V,1,-1,1367,1.0
L1982V,2,-1,534,1.0
L2010M,0,-1,1001,1.0
L2010M,1,-1,1363,1.0
L2010M,2,-1,547,1.0
L2026M,0,-1,1001,1.0
L2026M,1,-1,1365,1.0
L2026M,2,-1,524,1.0
L2053V_NC,0,-1,1001,1.0
L2053V_NC,1,-1,1370,1.0
L2053V_NC,2,-1,562,1.0
L2086F,0,-1,1001,1.0
L2086F,1,-1,1371,1.0
L2086F,2,-1,568,1.0
L2155S,0,-1,1001,1.0
L2155S,1,-1,1365,1.0
L2155S,2,-1,553,1.0
Q2022P,0,-1,1001,1.0
Q2022P,1,-1,1394,1.0
Q2022P,2,-1,574,1.0
Q2022P_S1986F,0,-1,1001,1.0
Q2022P_S1986F,1,-1,1312,1.0
Q2022P_S1986F,2,-1,493,1.0
Q2022P_S1986Y,0,-1,1001,1.0
Q2022P_S1986Y,1,-1,1373,1.0
Q2022P_S1986Y,2,-1,571,1.0
R2078K,0,-1,1001,1.0
R2078K,1,-1,1334,1.0
R2078K,2,-1,494,1.0
S1986F,0,-1,1001,1.0
S1986F,1,-1,1360,1.0
S1986F,2,-1,491,1.0
S1986Y,0,-1,1001,1.0
S1986Y,1,-1,1334,1.0
S1986Y,2,-1,495,1.0
V2089M,0,-1,1001,1.0
V2089M,1,-1,1338,1.0
V2089M,2,-1,487,1.0
V2098I,0,-1,1001,1.0
V2098I,1,-1,1362,1.0
V2098I,2,-1,544,1.0
WT,0,-1,1001,1.0
WT,1,-1,1361,1.0
WT,2,-1,1501,1.0
