traj_index,mutant,replica,state,count,fraction
0,C2060G,0,-1,19,0.01898101898101898
0,C2060G,0,0,982,0.981018981018981
1,C2060G,1,-1,6,0.004369992716678805
1,C2060G,1,0,1367,0.9956300072833212
2,C2060G,2,-1,25,0.01603592046183451
2,C2060G,2,0,1534,0.9839640795381654
3,D1988N,0,-1,8,0.007992007992007992
3,D1988N,0,0,993,0.9920079920079921
4,D1988N,1,-1,34,0.021532615579480684
4,D1988N,1,0,1545,0.9784673844205193
5,D1988N,2,-1,7,0.005105762217359592
5,D1988N,2,0,1364,0.9948942377826404
6,D2033N,0,-1,9,0.008991008991008992
6,D2033N,0,0,992,0.991008991008991
7,D2033N,1,-1,9,0.005714285714285714
7,D2033N,1,0,1566,0.9942857142857143
8,D2033N,2,-1,13,0.009495982468955442
8,D2033N,2,0,1356,0.9905040175310446
9,D2113G,0,-1,5,0.004995004995004995
9,D2113G,0,0,996,0.995004995004995
10,D2113G,1,0,1362,1.0
11,D2113G,2,-1,1,0.0006934812760055479
11,D2113G,2,0,1441,0.9993065187239945
12,D2113N,0,-1,3,0.002997002997002997
12,D2113N,0,0,998,0.997002997002997
13,D2113N,1,0,1370,1.0
14,D2113N,2,0,1430,1.0
15,E1935G,0,-1,4,0.003996003996003996
15,E1935G,0,0,997,0.996003996003996
16,E1935G,1,-1,9,0.006756756756756757
16,E1935G,1,0,1323,0.9932432432432432
17,E1935G,2,0,1470,1.0
18,E1990G,0,-1,5,0.004995004995004995
18,E1990G,0,0,996,0.995004995004995
19,E1990G,1,-1,20,0.01430615164520744
19,E1990G,1,0,1378,0.9856938483547926
20,E1990G,2,-1,8,0.00505369551484523
20,E1990G,2,0,1575,0.9949463044851548
21,E2020K,0,-1,35,0.03496503496503497
21,E2020K,0,0,966,0.965034965034965
22,E2020K,1,-1,51,0.03831705484598046
22,E2020K,1,0,1280,0.9616829451540195
23,E2020K,2,-1,9,0.006130790190735695
23,E2020K,2,0,1459,0.9938692098092643
24,E2131Q,0,-1,54,0.053946053946053944
24,E2131Q,0,0,947,0.9460539460539461
25,E2131Q,1,-1,7,0.005239520958083832
25,E2131Q,1,0,1329,0.9947604790419161
26,E2131Q,2,-1,102,0.06919945725915876
26,E2131Q,2,0,1372,0.9308005427408412
27,F2004C,0,-1,25,0.024975024975024976
27,F2004C,0,0,976,0.975024975024975
28,F2004C,1,-1,117,0.09090909090909091
28,F2004C,1,0,1170,0.9090909090909091
29,F2004C,2,-1,46,0.03355215171407731
29,F2004C,2,0,1325,0.9664478482859227
30,F2004L,0,-1,1,0.000999000999000999
30,F2004L,0,0,1000,0.999000999000999
31,F2004L,1,-1,35,0.02619760479041916
31,F2004L,1,0,1301,0.9738023952095808
32,F2004L,2,0,516,1.0
33,F2004V,0,-1,1,0.000999000999000999
33,F2004V,0,0,1000,0.999000999000999
34,F2004V,1,-1,12,0.008733624454148471
34,F2004V,1,0,1362,0.9912663755458515
35,F2004V,2,0,572,1.0
36,F2075V,0,-1,9,0.008991008991008992
36,F2075V,0,0,992,0.991008991008991
37,F2075V,1,-1,5,0.003668378576669112
37,F2075V,1,0,1358,0.9963316214233309
38,F2075V,2,-1,2,0.003676470588235294
38,F2075V,2,0,542,0.9963235294117647
39,G1957A,0,-1,1,0.000999000999000999
39,G1957A,0,0,1000,0.999000999000999
40,G1957A,1,-1,6,0.0042796005706134095
40,G1957A,1,0,1396,0.9957203994293866
41,G1957A,2,-1,2,0.0032258064516129032
41,G1957A,2,0,618,0.9967741935483871
42,G1971E,0,-1,1,0.000999000999000999
42,G1971E,0,0,1000,0.999000999000999
43,G1971E,1,-1,1,0.0007293946024799417
43,G1971E,1,0,1370,0.9992706053975201
44,G1971E,2,-1,1,0.0017006802721088435
44,G1971E,2,0,587,0.9982993197278912
45,G2032K,0,-1,5,0.004995004995004995
45,G2032K,0,0,996,0.995004995004995
46,G2032K,1,-1,1,0.0007309941520467836
46,G2032K,1,0,1367,0.9992690058479532
47,G2032K,2,0,536,1.0
48,G2032R,0,-1,20,0.01998001998001998
48,G2032R,0,0,981,0.98001998001998
49,G2032R,1,0,1365,1.0
50,G2032R,2,0,554,1.0
51,G2048A_NC,0,-1,20,0.01998001998001998
51,G2048A_NC,0,0,981,0.98001998001998
52,G2048A_NC,1,-1,17,0.013567438148443736
52,G2048A_NC,1,0,1236,0.9864325618515563
53,G2048A_NC,2,-1,97,0.3069620253164557
53,G2048A_NC,2,0,219,0.6930379746835443
54,G2101A,0,-1,7,0.006993006993006993
54,G2101A,0,0,994,0.993006993006993
55,G2101A,1,-1,9,0.006726457399103139
55,G2101A,1,0,1329,0.9932735426008968
56,G2101A,2,-1,8,0.015625
56,G2101A,2,0,504,0.984375
57,H1999Q_NC,0,-1,15,0.014985014985014986
57,H1999Q_NC,0,0,986,0.985014985014985
58,H1999Q_NC,1,-1,27,0.020255063765941484
58,H1999Q_NC,1,0,1306,0.9797449362340586
59,H1999Q_NC,2,-1,4,0.008492569002123142
59,H1999Q_NC,2,0,467,0.9915074309978769
60,L1947R,0,-1,46,0.04595404595404595
60,L1947R,0,0,955,0.954045954045954
61,L1947R,1,-1,6,0.0043859649122807015
61,L1947R,1,0,1362,0.9956140350877193
62,L1947R,2,-1,5,0.009041591320072333
62,L1947R,2,0,548,0.9909584086799277
63,L1951R,0,-1,102,0.1018981018981019
63,L1951R,0,0,899,0.8981018981018981
64,L1951R,1,-1,44,0.03214024835646457
64,L1951R,1,0,1325,0.9678597516435354
65,L1951R,2,-1,6,0.010638297872340425
65,L1951R,2,0,558,0.9893617021276596
66,L1982F,0,-1,20,0.01998001998001998
66,L1982F,0,0,981,0.98001998001998
67,L1982F,1,-1,17,0.012490815576781777
67,L1982F,1,0,1344,0.9875091844232182
68,L1982F,2,-1,5,0.009345794392523364
68,L1982F,2,0,530,0.9906542056074766
69,L1982V,0,-1,82,0.08191808191808192
69,L1982V,0,0,919,0.9180819180819181
70,L1982V,1,-1,129,0.09436722750548647
70,L1982V,1,0,1238,0.9056327724945136
71,L1982V,2,0,534,1.0
72,L2010M,0,-1,8,0.007992007992007992
72,L2010M,0,0,993,0.9920079920079921
73,L2010M,1,-1,3,0.0022010271460014674
73,L2010M,1,0,1360,0.9977989728539985
74,L2010M,2,-1,13,0.02376599634369287
74,L2010M,2,0,534,0.9762340036563071
75,L2026M,0,-1,3,0.002997002997002997
75,L2026M,0,0,998,0.997002997002997
76,L2026M,1,-1,13,0.009523809523809525
76,L2026M,1,0,1352,0.9904761904761905
77,L2026M,2,-1,1,0.0019083969465648854
77,L2026M,2,0,523,0.9980916030534351
78,L2053V_NC,0,-1,35,0.03496503496503497
78,L2053V_NC,0,0,966,0.965034965034965
79,L2053V_NC,1,-1,4,0.00291970802919708
79,L2053V_NC,1,0,1366,0.997080291970803
80,L2053V_NC,2,-1,1,0.0017793594306049821
80,L2053V_NC,2,0,561,0.998220640569395
81,L2086F,0,-1,16,0.015984015984015984
81,L2086F,0,0,985,0.984015984015984
82,L2086F,1,-1,86,0.06272793581327499
82,L2086F,1,0,1285,0.937272064186725
83,L2086F,2,-1,1,0.0017605633802816902
83,L2086F,2,0,567,0.9982394366197183
84,L2155S,0,-1,15,0.014985014985014986
84,L2155S,0,0,986,0.985014985014985
85,L2155S,1,-1,40,0.029304029304029304
85,L2155S,1,0,1325,0.9706959706959707
86,L2155S,2,-1,11,0.019891500904159132
86,L2155S,2,0,542,0.9801084990958409
87,Q2022P,0,-1,9,0.008991008991008992
87,Q2022P,0,0,992,0.991008991008991
88,Q2022P,1,-1,78,0.05595408895265423
88,Q2022P,1,0,1316,0.9440459110473458
89,Q2022P,2,-1,47,0.08188153310104529
89,Q2022P,2,0,527,0.9181184668989547
90,Q2022P_S1986F,0,-1,1,0.000999000999000999
90,Q2022P_S1986F,0,0,1000,0.999000999000999
91,Q2022P_S1986F,1,-1,36,0.027439024390243903
91,Q2022P_S1986F,1,0,1276,0.9725609756097561
92,Q2022P_S1986F,2,-1,6,0.012170385395537525
92,Q2022P_S1986F,2,0,487,0.9878296146044625
93,Q2022P_S1986Y,0,-1,34,0.03396603396603397
93,Q2022P_S1986Y,0,0,967,0.9660339660339661
94,Q2022P_S1986Y,1,0,1373,1.0
95,Q2022P_S1986Y,2,-1,27,0.047285464098073555
95,Q2022P_S1986Y,2,0,544,0.9527145359019265
96,R2078K,0,-1,14,0.013986013986013986
96,R2078K,0,0,987,0.986013986013986
97,R2078K,1,-1,2,0.0014992503748125937
97,R2078K,1,0,1332,0.9985007496251874
98,R2078K,2,-1,11,0.022267206477732792
98,R2078K,2,0,483,0.9777327935222672
99,S1986F,0,0,1001,1.0
100,S1986F,1,-1,7,0.005147058823529412
100,S1986F,1,0,1353,0.9948529411764706
101,S1986F,2,0,491,1.0
102,S1986Y,0,-1,79,0.07892107892107893
102,S1986Y,0,0,922,0.9210789210789211
103,S1986Y,1,-1,29,0.021739130434782608
103,S1986Y,1,0,1305,0.9782608695652174
104,S1986Y,2,-1,14,0.028282828282828285
104,S1986Y,2,0,481,0.9717171717171718
105,V2089M,0,-1,18,0.017982017982017984
105,V2089M,0,0,983,0.9820179820179821
106,V2089M,1,-1,12,0.008968609865470852
106,V2089M,1,0,1326,0.9910313901345291
107,V2089M,2,-1,4,0.008213552361396304
107,V2089M,2,0,483,0.9917864476386037
108,V2098I,0,-1,95,0.09490509490509491
108,V2098I,0,0,906,0.9050949050949051
109,V2098I,1,-1,9,0.006607929515418502
109,V2098I,1,0,1353,0.9933920704845814
110,V2098I,2,-1,1,0.001838235294117647
110,V2098I,2,0,543,0.9981617647058824
111,WT,0,-1,13,0.012987012987012988
111,WT,0,0,988,0.987012987012987
112,WT,1,-1,7,0.005143277002204262
112,WT,1,0,1354,0.9948567229977957
113,WT,2,-1,12,0.007994670219853431
113,WT,2,0,1489,0.9920053297801465
