traj_index,mutant,replica,n_frames_used,n_states_observed,switch_count,mean_dwell_frames
0,C2060G,0,1001,1,0,1001.0
1,C2060G,1,1373,1,0,1373.0
2,C2060G,2,1559,1,0,1559.0
3,D1988N,0,1001,1,0,1001.0
4,D1988N,1,1579,1,0,1579.0
5,D1988N,2,1371,1,0,1371.0
6,D2033N,0,1001,1,0,1001.0
7,D2033N,1,1575,1,0,1575.0
8,D2033N,2,1369,1,0,1369.0
9,D2113G,0,1001,1,0,1001.0
10,D2113G,1,1362,1,0,1362.0
11,D2113G,2,1442,1,0,1442.0
12,D2113N,0,1001,1,0,1001.0
13,D2113N,1,1370,1,0,1370.0
14,D2113N,2,1430,1,0,1430.0
15,E1935G,0,1001,1,0,1001.0
16,E1935G,1,1332,1,0,1332.0
17,E1935G,2,1470,1,0,1470.0
18,E1990G,0,1001,1,0,1001.0
19,E1990G,1,1398,1,0,1398.0
20,E1990G,2,1583,1,0,1583.0
21,E2020K,0,1001,1,0,1001.0
22,E2020K,1,1331,1,0,1331.0
23,E2020K,2,1468,1,0,1468.0
24,E2131Q,0,1001,1,0,1001.0
25,E2131Q,1,1336,1,0,1336.0
26,E2131Q,2,1474,1,0,1474.0
27,F2004C,0,1001,1,0,1001.0
28,F2004C,1,1287,1,0,1287.0
29,F2004C,2,1371,1,0,1371.0
30,F2004L,0,1001,1,0,1001.0
31,F2004L,1,1336,1,0,1336.0
32,F2004L,2,516,1,0,516.0
33,F2004V,0,1001,1,0,1001.0
34,F2004V,1,1374,1,0,1374.0
35,F2004V,2,572,1,0,572.0
36,F2075V,0,1001,1,0,1001.0
37,F2075V,1,1363,1,0,1363.0
38,F2075V,2,544,1,0,544.0
39,G1957A,0,1001,1,0,1001.0
40,G1957A,1,1402,1,0,1402.0
41,G1957A,2,620,1,0,620.0
42,G1971E,0,1001,1,0,1001.0
43,G1971E,1,1371,1,0,1371.0
44,G1971E,2,588,1,0,588.0
45,G2032K,0,1001,1,0,1001.0
46,G2032K,1,1368,1,0,1368.0
47,G2032K,2,536,1,0,536.0
48,G2032R,0,1001,1,0,1001.0
49,G2032R,1,1365,1,0,1365.0
50,G2032R,2,554,1,0,554.0
51,G2048A_NC,0,1001,1,0,1001.0
52,G2048A_NC,1,1253,1,0,1253.0
53,G2048A_NC,2,316,1,0,316.0
54,G2101A,0,1001,1,0,1001.0
55,G2101A,1,1338,1,0,1338.0
56,G2101A,2,512,1,0,512.0
57,H1999Q_NC,0,1001,1,0,1001.0
58,H1999Q_NC,1,1333,1,0,1333.0
59,H1999Q_NC,2,471,1,0,471.0
60,L1947R,0,1001,1,0,1001.0
61,L1947R,1,1368,1,0,1368.0
62,L1947R,2,553,1,0,553.0
63,L1951R,0,1001,1,0,1001.0
64,L1951R,1,1369,1,0,1369.0
65,L1951R,2,564,1,0,564.0
66,L1982F,0,1001,1,0,1001.0
67,L1982F,1,1361,1,0,1361.0
68,L1982F,2,535,1,0,535.0
69,L1982V,0,1001,1,0,1001.0
70,L1982V,1,1367,1,0,1367.0
71,L1982V,2,534,1,0,534.0
72,L2010M,0,1001,1,0,1001.0
73,L2010M,1,1363,1,0,1363.0
74,L2010M,2,547,1,0,547.0
75,L2026M,0,1001,1,0,1001.0
76,L2026M,1,1365,1,0,1365.0
77,L2026M,2,524,1,0,524.0
78,L2053V_NC,0,1001,1,0,1001.0
79,L2053V_NC,1,1370,1,0,1370.0
80,L2053V_NC,2,562,1,0,562.0
81,L2086F,0,1001,1,0,1001.0
82,L2086F,1,1371,1,0,1371.0
83,L2086F,2,568,1,0,568.0
84,L2155S,0,1001,1,0,1001.0
85,L2155S,1,1365,1,0,1365.0
86,L2155S,2,553,1,0,553.0
87,Q2022P,0,1001,1,0,1001.0
88,Q2022P,1,1394,1,0,1394.0
89,Q2022P,2,574,1,0,574.0
90,Q2022P_S1986F,0,1001,1,0,1001.0
91,Q2022P_S1986F,1,1312,1,0,1312.0
92,Q2022P_S1986F,2,493,1,0,493.0
93,Q2022P_S1986Y,0,1001,1,0,1001.0
94,Q2022P_S1986Y,1,1373,1,0,1373.0
95,Q2022P_S1986Y,2,571,1,0,571.0
96,R2078K,0,1001,1,0,1001.0
97,R2078K,1,1334,1,0,1334.0
98,R2078K,2,494,1,0,494.0
99,S1986F,0,1001,1,0,1001.0
100,S1986F,1,1360,1,0,1360.0
101,S1986F,2,491,1,0,491.0
102,S1986Y,0,1001,1,0,1001.0
103,S1986Y,1,1334,1,0,1334.0
104,S1986Y,2,495,1,0,495.0
105,V2089M,0,1001,1,0,1001.0
106,V2089M,1,1338,1,0,1338.0
107,V2089M,2,487,1,0,487.0
108,V2098I,0,1001,1,0,1001.0
109,V2098I,1,1362,1,0,1362.0
110,V2098I,2,544,1,0,544.0
111,WT,0,1001,1,0,1001.0
112,WT,1,1361,1,0,1361.0
113,WT,2,1501,1,0,1501.0
