ligand,tag,best_conf,best_score,n_conf
lorlatinib,Q2022P_S1986F_rep0_f3339_closed__lorlatinib,lorlatinib_conf05,-9.370,14
lorlatinib,Q2022P_S1986F_rep0_f4737_open__lorlatinib,lorlatinib_conf12,-10.383,14
lorlatinib,Q2022P_S1986F_rep0_f5247_open__lorlatinib,lorlatinib_conf08,-8.201,14
lorlatinib,Q2022P_S1986F_rep0_f6606_closed__lorlatinib,lorlatinib_conf05,-10.274,14
lorlatinib,Q2022P_S1986F_rep0_f7895_closed__lorlatinib,lorlatinib_conf05,-10.601,14
lorlatinib,Q2022P_S1986F_rep1_f11250_closed__lorlatinib,lorlatinib_conf05,-8.258,14
lorlatinib,Q2022P_S1986F_rep1_f12130_closed__lorlatinib,lorlatinib_conf06,-7.934,14
lorlatinib,Q2022P_S1986F_rep1_f12988_closed__lorlatinib,lorlatinib_conf05,-7.995,14
lorlatinib,Q2022P_S1986F_rep1_f1699_open__lorlatinib,lorlatinib_conf11,-9.624,14
lorlatinib,Q2022P_S1986F_rep1_f412_open__lorlatinib,lorlatinib_conf12,-8.976,14
lorlatinib,Q2022P_S1986F_rep1_f4500_open__lorlatinib,lorlatinib_conf05,-8.578,14
lorlatinib,Q2022P_S1986F_rep1_f5405_open__lorlatinib,lorlatinib_conf12,-8.037,14
lorlatinib,Q2022P_S1986F_rep1_f6169_open__lorlatinib,lorlatinib_conf11,-10.044,14
lorlatinib,Q2022P_S1986F_rep1_f6623_closed__lorlatinib,lorlatinib_conf11,-9.725,14
lorlatinib,Q2022P_S1986F_rep2_f1141_open__lorlatinib,lorlatinib_conf03,-9.059,14
lorlatinib,Q2022P_S1986F_rep2_f3234_closed__lorlatinib,lorlatinib_conf06,-6.848,14
lorlatinib,Q2022P_rep0_f4013_open__lorlatinib,lorlatinib_conf03,-7.847,14
lorlatinib,Q2022P_rep0_f621_open__lorlatinib,lorlatinib_conf02,-9.446,14
lorlatinib,Q2022P_rep0_f8810_closed__lorlatinib,lorlatinib_conf04,-7.405,14
lorlatinib,Q2022P_rep1_f2118_closed__lorlatinib,lorlatinib_conf13,-9.885,14
lorlatinib,Q2022P_rep1_f2607_open__lorlatinib,lorlatinib_conf00,-7.720,14
lorlatinib,Q2022P_rep1_f2630_closed__lorlatinib,lorlatinib_conf13,-6.510,14
lorlatinib,Q2022P_rep1_f4820_open__lorlatinib,lorlatinib_conf11,-8.699,14
lorlatinib,Q2022P_rep1_f5151_closed__lorlatinib,lorlatinib_conf12,-7.732,14
lorlatinib,Q2022P_rep1_f6334_closed__lorlatinib,lorlatinib_conf08,-8.271,14
lorlatinib,Q2022P_rep1_f6890_closed__lorlatinib,lorlatinib_conf11,-7.654,14
lorlatinib,Q2022P_rep1_f8124_open__lorlatinib,lorlatinib_conf02,-10.382,14
lorlatinib,Q2022P_rep1_f9297_closed__lorlatinib,lorlatinib_conf10,-7.651,14
lorlatinib,Q2022P_rep2_f2792_open__lorlatinib,lorlatinib_conf01,-7.848,14
lorlatinib,Q2022P_rep2_f421_closed__lorlatinib,lorlatinib_conf05,-8.004,14
lorlatinib,Q2022P_rep2_f4327_open__lorlatinib,lorlatinib_conf08,-8.739,14
lorlatinib,Q2022P_rep2_f4428_open__lorlatinib,lorlatinib_conf05,-9.427,14
lorlatinib,S1986F_rep0_f1100_closed__lorlatinib,lorlatinib_conf11,-9.029,14
lorlatinib,S1986F_rep0_f1765_closed__lorlatinib,lorlatinib_conf11,-8.449,14
lorlatinib,S1986F_rep0_f4711_open__lorlatinib,lorlatinib_conf11,-8.678,14
lorlatinib,S1986F_rep0_f8813_open__lorlatinib,lorlatinib_conf04,-8.982,14
lorlatinib,S1986F_rep1_f2084_open__lorlatinib,lorlatinib_conf06,-9.685,14
lorlatinib,S1986F_rep1_f3955_open__lorlatinib,lorlatinib_conf05,-9.329,14
lorlatinib,S1986F_rep1_f4342_closed__lorlatinib,lorlatinib_conf11,-9.478,14
lorlatinib,S1986F_rep1_f4648_open__lorlatinib,lorlatinib_conf13,-7.738,14
lorlatinib,S1986F_rep1_f5019_open__lorlatinib,lorlatinib_conf02,-8.701,14
lorlatinib,S1986F_rep1_f6284_open__lorlatinib,lorlatinib_conf11,-9.713,14
lorlatinib,S1986F_rep2_f1037_closed__lorlatinib,lorlatinib_conf05,-9.171,14
lorlatinib,S1986F_rep2_f1695_closed__lorlatinib,lorlatinib_conf10,-7.937,14
lorlatinib,S1986F_rep2_f1824_closed__lorlatinib,lorlatinib_conf08,-8.998,14
lorlatinib,S1986F_rep2_f2571_closed__lorlatinib,lorlatinib_conf12,-8.635,14
lorlatinib,S1986F_rep2_f3357_closed__lorlatinib,lorlatinib_conf08,-8.008,14
lorlatinib,S1986F_rep2_f982_open__lorlatinib,lorlatinib_conf08,-8.913,14
lorlatinib,WT_rep0_f1283_open__lorlatinib,lorlatinib_conf09,-8.674,14
lorlatinib,WT_rep0_f4676_open__lorlatinib,lorlatinib_conf02,-9.891,14
lorlatinib,WT_rep0_f6084_open__lorlatinib,lorlatinib_conf02,-8.293,14
lorlatinib,WT_rep0_f950_closed__lorlatinib,lorlatinib_conf02,-8.488,14
lorlatinib,WT_rep1_f11177_open__lorlatinib,lorlatinib_conf05,-10.424,14
lorlatinib,WT_rep1_f11211_open__lorlatinib,lorlatinib_conf08,-9.250,14
lorlatinib,WT_rep1_f6240_open__lorlatinib,lorlatinib_conf12,-9.184,14
lorlatinib,WT_rep2_f13098_open__lorlatinib,lorlatinib_conf08,-8.371,14
lorlatinib,WT_rep2_f2498_closed__lorlatinib,lorlatinib_conf11,-9.279,14
lorlatinib,WT_rep2_f2765_closed__lorlatinib,lorlatinib_conf05,-8.514,14
lorlatinib,WT_rep2_f4697_closed__lorlatinib,lorlatinib_conf11,-9.928,14
lorlatinib,WT_rep2_f5099_closed__lorlatinib,lorlatinib_conf13,-7.607,14
lorlatinib,WT_rep2_f6213_closed__lorlatinib,lorlatinib_conf13,-7.505,14
lorlatinib,WT_rep2_f8599_closed__lorlatinib,lorlatinib_conf11,-7.966,14
lorlatinib,WT_rep2_f8870_closed__lorlatinib,lorlatinib_conf03,-9.906,14
lorlatinib,WT_rep2_f8932_open__lorlatinib,lorlatinib_conf05,-9.267,14
zidesamtinib,Q2022P_S1986F_rep0_f3339_closed__zidesamtinib,zidesamtinib_conf02,-8.745,15
zidesamtinib,Q2022P_S1986F_rep0_f4737_open__zidesamtinib,zidesamtinib_conf05,-9.262,15
zidesamtinib,Q2022P_S1986F_rep0_f5247_open__zidesamtinib,zidesamtinib_conf11,-7.621,15
zidesamtinib,Q2022P_S1986F_rep0_f6606_closed__zidesamtinib,zidesamtinib_conf05,-9.608,15
zidesamtinib,Q2022P_S1986F_rep0_f7895_closed__zidesamtinib,zidesamtinib_conf11,-9.851,15
zidesamtinib,Q2022P_S1986F_rep1_f11250_closed__zidesamtinib,zidesamtinib_conf01,-7.567,15
zidesamtinib,Q2022P_S1986F_rep1_f12130_closed__zidesamtinib,zidesamtinib_conf10,-8.674,15
zidesamtinib,Q2022P_S1986F_rep1_f12988_closed__zidesamtinib,zidesamtinib_conf05,-7.885,15
zidesamtinib,Q2022P_S1986F_rep1_f1699_open__zidesamtinib,zidesamtinib_conf04,-8.837,15
zidesamtinib,Q2022P_S1986F_rep1_f412_open__zidesamtinib,zidesamtinib_conf14,-9.234,15
zidesamtinib,Q2022P_S1986F_rep1_f4500_open__zidesamtinib,zidesamtinib_conf14,-8.297,15
zidesamtinib,Q2022P_S1986F_rep1_f5405_open__zidesamtinib,zidesamtinib_conf09,-7.360,15
zidesamtinib,Q2022P_S1986F_rep1_f6169_open__zidesamtinib,zidesamtinib_conf03,-8.225,15
zidesamtinib,Q2022P_S1986F_rep1_f6623_closed__zidesamtinib,zidesamtinib_conf14,-10.312,15
zidesamtinib,Q2022P_S1986F_rep2_f1141_open__zidesamtinib,zidesamtinib_conf08,-9.165,15
zidesamtinib,Q2022P_S1986F_rep2_f3234_closed__zidesamtinib,zidesamtinib_conf04,-6.390,15
zidesamtinib,Q2022P_rep0_f4013_open__zidesamtinib,zidesamtinib_conf14,-7.517,15
zidesamtinib,Q2022P_rep0_f621_open__zidesamtinib,zidesamtinib_conf02,-8.543,15
zidesamtinib,Q2022P_rep0_f8810_closed__zidesamtinib,zidesamtinib_conf10,-6.539,15
zidesamtinib,Q2022P_rep1_f2118_closed__zidesamtinib,zidesamtinib_conf14,-9.829,15
zidesamtinib,Q2022P_rep1_f2607_open__zidesamtinib,zidesamtinib_conf11,-7.204,15
zidesamtinib,Q2022P_rep1_f2630_closed__zidesamtinib,zidesamtinib_conf06,-6.772,15
zidesamtinib,Q2022P_rep1_f4820_open__zidesamtinib,zidesamtinib_conf10,-7.516,15
zidesamtinib,Q2022P_rep1_f5151_closed__zidesamtinib,zidesamtinib_conf10,-7.202,15
zidesamtinib,Q2022P_rep1_f6334_closed__zidesamtinib,zidesamtinib_conf00,-7.904,15
zidesamtinib,Q2022P_rep1_f6890_closed__zidesamtinib,zidesamtinib_conf11,-7.418,15
zidesamtinib,Q2022P_rep1_f8124_open__zidesamtinib,zidesamtinib_conf14,-9.452,15
zidesamtinib,Q2022P_rep1_f9297_closed__zidesamtinib,zidesamtinib_conf11,-7.154,15
zidesamtinib,Q2022P_rep2_f2792_open__zidesamtinib,zidesamtinib_conf09,-7.699,15
zidesamtinib,Q2022P_rep2_f421_closed__zidesamtinib,zidesamtinib_conf10,-7.915,15
zidesamtinib,Q2022P_rep2_f4327_open__zidesamtinib,zidesamtinib_conf14,-8.321,15
zidesamtinib,Q2022P_rep2_f4428_open__zidesamtinib,zidesamtinib_conf12,-8.846,15
zidesamtinib,S1986F_rep0_f1100_closed__zidesamtinib,zidesamtinib_conf08,-9.582,15
zidesamtinib,S1986F_rep0_f1765_closed__zidesamtinib,zidesamtinib_conf13,-8.563,15
zidesamtinib,S1986F_rep0_f4711_open__zidesamtinib,zidesamtinib_conf14,-8.709,15
zidesamtinib,S1986F_rep0_f8813_open__zidesamtinib,zidesamtinib_conf04,-6.949,15
zidesamtinib,S1986F_rep1_f2084_open__zidesamtinib,zidesamtinib_conf14,-8.801,15
zidesamtinib,S1986F_rep1_f3955_open__zidesamtinib,zidesamtinib_conf05,-9.481,15
zidesamtinib,S1986F_rep1_f4342_closed__zidesamtinib,zidesamtinib_conf00,-8.610,15
zidesamtinib,S1986F_rep1_f4648_open__zidesamtinib,zidesamtinib_conf14,-7.823,15
zidesamtinib,S1986F_rep1_f5019_open__zidesamtinib,zidesamtinib_conf10,-8.063,15
zidesamtinib,S1986F_rep1_f6284_open__zidesamtinib,zidesamtinib_conf01,-7.160,15
zidesamtinib,S1986F_rep2_f1037_closed__zidesamtinib,zidesamtinib_conf13,-9.403,15
zidesamtinib,S1986F_rep2_f1695_closed__zidesamtinib,zidesamtinib_conf03,-6.517,15
zidesamtinib,S1986F_rep2_f1824_closed__zidesamtinib,zidesamtinib_conf10,-8.754,15
zidesamtinib,S1986F_rep2_f2571_closed__zidesamtinib,zidesamtinib_conf12,-8.304,15
zidesamtinib,S1986F_rep2_f3357_closed__zidesamtinib,zidesamtinib_conf00,-8.083,15
zidesamtinib,S1986F_rep2_f982_open__zidesamtinib,zidesamtinib_conf08,-8.855,15
zidesamtinib,WT_rep0_f1283_open__zidesamtinib,zidesamtinib_conf11,-7.202,15
zidesamtinib,WT_rep0_f4676_open__zidesamtinib,zidesamtinib_conf14,-9.105,15
zidesamtinib,WT_rep0_f6084_open__zidesamtinib,zidesamtinib_conf06,-7.489,15
zidesamtinib,WT_rep0_f950_closed__zidesamtinib,zidesamtinib_conf08,-8.509,15
zidesamtinib,WT_rep1_f11177_open__zidesamtinib,zidesamtinib_conf04,-8.942,15
zidesamtinib,WT_rep1_f11211_open__zidesamtinib,zidesamtinib_conf12,-8.215,15
zidesamtinib,WT_rep1_f6240_open__zidesamtinib,zidesamtinib_conf08,-9.174,15
zidesamtinib,WT_rep2_f13098_open__zidesamtinib,zidesamtinib_conf02,-7.944,15
zidesamtinib,WT_rep2_f2498_closed__zidesamtinib,zidesamtinib_conf10,-9.118,15
zidesamtinib,WT_rep2_f2765_closed__zidesamtinib,zidesamtinib_conf13,-8.140,15
zidesamtinib,WT_rep2_f4697_closed__zidesamtinib,zidesamtinib_conf12,-8.973,15
zidesamtinib,WT_rep2_f5099_closed__zidesamtinib,zidesamtinib_conf10,-7.936,15
zidesamtinib,WT_rep2_f6213_closed__zidesamtinib,zidesamtinib_conf00,-7.294,15
zidesamtinib,WT_rep2_f8599_closed__zidesamtinib,zidesamtinib_conf05,-6.990,15
zidesamtinib,WT_rep2_f8870_closed__zidesamtinib,zidesamtinib_conf02,-7.977,15
zidesamtinib,WT_rep2_f8932_open__zidesamtinib,zidesamtinib_conf00,-8.428,15
