variant,drug,selection,site_real,max_loading,score_span,score_sd,motion_index
WT,lorlatinib,distance,1986,0.02558,114.7859,20.8157,2.9361
WT,lorlatinib,distance,2022,0.03000,114.7859,20.8157,3.4435
S1986F,lorlatinib,distance,1986,0.03104,101.1321,19.3783,3.1394
S1986F,lorlatinib,distance,2022,0.01045,101.1321,19.3783,1.0569
Q2022P,lorlatinib,distance,1986,0.00878,112.4215,17.2451,0.9876
Q2022P,lorlatinib,distance,2022,0.02262,112.4215,17.2451,2.5433
Q2022P_S1986F,lorlatinib,distance,1986,0.27545,72.4847,18.8025,19.9656
Q2022P_S1986F,lorlatinib,distance,2022,0.01478,72.4847,18.8025,1.0714
WT,zidesamtinib,distance,1986,0.02557,114.7357,20.8130,2.9335
WT,zidesamtinib,distance,2022,0.03000,114.7357,20.8130,3.4422
S1986F,zidesamtinib,distance,1986,0.03106,101.1184,19.3595,3.1406
S1986F,zidesamtinib,distance,2022,0.01048,101.1184,19.3595,1.0597
Q2022P,zidesamtinib,distance,1986,0.00878,112.4202,17.2438,0.9867
Q2022P,zidesamtinib,distance,2022,0.02262,112.4202,17.2438,2.5435
Q2022P_S1986F,zidesamtinib,distance,1986,0.27560,72.4164,18.7958,19.9578
Q2022P_S1986F,zidesamtinib,distance,2022,0.01478,72.4164,18.7958,1.0703
WT,lorlatinib,distance,1986,0.02558,114.7859,20.8157,2.9361
WT,lorlatinib,distance,2022,0.03000,114.7859,20.8157,3.4435
WT,lorlatinib,distance,1986,0.02558,114.7859,20.8157,2.9361
WT,lorlatinib,distance,2022,0.03000,114.7859,20.8157,3.4435
WT,lorlatinib,distance,1986,0.02558,114.7859,20.8157,2.9361
WT,lorlatinib,distance,2022,0.03000,114.7859,20.8157,3.4435
WT,lorlatinib,distance,1986,0.02558,114.7859,20.8157,2.9361
WT,lorlatinib,distance,2022,0.03000,114.7859,20.8157,3.4435
WT,lorlatinib,distance,1986,0.02558,114.7859,20.8157,2.9361
WT,lorlatinib,distance,2022,0.03000,114.7859,20.8157,3.4435
S1986F,lorlatinib,distance,1986,0.03104,101.1321,19.3783,3.1394
S1986F,lorlatinib,distance,2022,0.01045,101.1321,19.3783,1.0569
Q2022P,lorlatinib,distance,1986,0.00878,112.4215,17.2451,0.9876
Q2022P,lorlatinib,distance,2022,0.02262,112.4215,17.2451,2.5433
Q2022P_S1986F,lorlatinib,distance,1986,0.27545,72.4847,18.8025,19.9656
Q2022P_S1986F,lorlatinib,distance,2022,0.01478,72.4847,18.8025,1.0714
WT,zidesamtinib,distance,1986,0.02557,114.7357,20.8130,2.9335
WT,zidesamtinib,distance,2022,0.03000,114.7357,20.8130,3.4422
S1986F,zidesamtinib,distance,1986,0.03106,101.1184,19.3595,3.1406
S1986F,zidesamtinib,distance,2022,0.01048,101.1184,19.3595,1.0597
Q2022P,zidesamtinib,distance,1986,0.00878,112.4202,17.2438,0.9867
Q2022P,zidesamtinib,distance,2022,0.02262,112.4202,17.2438,2.5435
Q2022P_S1986F,zidesamtinib,distance,1986,0.27560,72.4164,18.7958,19.9578
Q2022P_S1986F,zidesamtinib,distance,2022,0.01478,72.4164,18.7958,1.0703
WT,lorlatinib,distance,1986,0.02558,114.7859,20.8157,2.9361
WT,lorlatinib,distance,2022,0.03000,114.7859,20.8157,3.4435
S1986F,lorlatinib,distance,1986,0.03104,101.1321,19.3783,3.1394
S1986F,lorlatinib,distance,2022,0.01045,101.1321,19.3783,1.0569
Q2022P,lorlatinib,distance,1986,0.00878,112.4215,17.2451,0.9876
Q2022P,lorlatinib,distance,2022,0.02262,112.4215,17.2451,2.5433
Q2022P_S1986F,lorlatinib,distance,1986,0.27545,72.4847,18.8025,19.9656
Q2022P_S1986F,lorlatinib,distance,2022,0.01478,72.4847,18.8025,1.0714
WT,zidesamtinib,distance,1986,0.02557,114.7357,20.8130,2.9335
WT,zidesamtinib,distance,2022,0.03000,114.7357,20.8130,3.4422
S1986F,zidesamtinib,distance,1986,0.03106,101.1184,19.3595,3.1406
S1986F,zidesamtinib,distance,2022,0.01048,101.1184,19.3595,1.0597
Q2022P,zidesamtinib,distance,1986,0.00878,112.4202,17.2438,0.9867
Q2022P,zidesamtinib,distance,2022,0.02262,112.4202,17.2438,2.5435
Q2022P_S1986F,zidesamtinib,distance,1986,0.27560,72.4164,18.7958,19.9578
Q2022P_S1986F,zidesamtinib,distance,2022,0.01478,72.4164,18.7958,1.0703
WT,lorlatinib,distance,1986,0.02558,114.7859,20.8157,2.9361
WT,lorlatinib,distance,2022,0.03000,114.7859,20.8157,3.4435
Q2022P,lorlatinib,distance,1986,0.00878,112.4215,17.2451,0.9876
Q2022P,lorlatinib,distance,2022,0.02262,112.4215,17.2451,2.5433
WT,lorlatinib,distance,1986,0.02558,114.7859,20.8157,2.9361
WT,lorlatinib,distance,2022,0.03000,114.7859,20.8157,3.4435
S1986F,lorlatinib,distance,1986,0.03104,101.1321,19.3783,3.1394
S1986F,lorlatinib,distance,2022,0.01045,101.1321,19.3783,1.0569
Q2022P,lorlatinib,distance,1986,0.00878,112.4215,17.2451,0.9876
Q2022P,lorlatinib,distance,2022,0.02262,112.4215,17.2451,2.5433
Q2022P_S1986F,lorlatinib,distance,1986,0.27545,72.4847,18.8025,19.9656
Q2022P_S1986F,lorlatinib,distance,2022,0.01478,72.4847,18.8025,1.0714
WT,zidesamtinib,distance,1986,0.02557,114.7357,20.8130,2.9335
WT,zidesamtinib,distance,2022,0.03000,114.7357,20.8130,3.4422
S1986F,zidesamtinib,distance,1986,0.03106,101.1184,19.3595,3.1406
S1986F,zidesamtinib,distance,2022,0.01048,101.1184,19.3595,1.0597
Q2022P,zidesamtinib,distance,1986,0.00878,112.4202,17.2438,0.9867
Q2022P,zidesamtinib,distance,2022,0.02262,112.4202,17.2438,2.5435
Q2022P_S1986F,zidesamtinib,distance,1986,0.27560,72.4164,18.7958,19.9578
Q2022P_S1986F,zidesamtinib,distance,2022,0.01478,72.4164,18.7958,1.0703
WT,lorlatinib,distance,1986,0.02558,114.7859,20.8157,2.9361
WT,lorlatinib,distance,2022,0.03000,114.7859,20.8157,3.4435
S1986F,lorlatinib,distance,1986,0.03104,101.1321,19.3783,3.1394
S1986F,lorlatinib,distance,2022,0.01045,101.1321,19.3783,1.0569
Q2022P,lorlatinib,distance,1986,0.00878,112.4215,17.2451,0.9876
Q2022P,lorlatinib,distance,2022,0.02262,112.4215,17.2451,2.5433
Q2022P_S1986F,lorlatinib,distance,1986,0.27545,72.4847,18.8025,19.9656
Q2022P_S1986F,lorlatinib,distance,2022,0.01478,72.4847,18.8025,1.0714
WT,zidesamtinib,distance,1986,0.02557,114.7357,20.8130,2.9335
WT,zidesamtinib,distance,2022,0.03000,114.7357,20.8130,3.4422
S1986F,zidesamtinib,distance,1986,0.03106,101.1184,19.3595,3.1406
S1986F,zidesamtinib,distance,2022,0.01048,101.1184,19.3595,1.0597
Q2022P,zidesamtinib,distance,1986,0.00878,112.4202,17.2438,0.9867
Q2022P,zidesamtinib,distance,2022,0.02262,112.4202,17.2438,2.5435
Q2022P_S1986F,zidesamtinib,distance,1986,0.27560,72.4164,18.7958,19.9578
Q2022P_S1986F,zidesamtinib,distance,2022,0.01478,72.4164,18.7958,1.0703
WT,lorlatinib,distance,1986,0.02558,114.7859,20.8157,2.9361
WT,lorlatinib,distance,2022,0.03000,114.7859,20.8157,3.4435
S1986F,lorlatinib,distance,1986,0.03104,101.1321,19.3783,3.1394
S1986F,lorlatinib,distance,2022,0.01045,101.1321,19.3783,1.0569
Q2022P,lorlatinib,distance,1986,0.00878,112.4215,17.2451,0.9876
Q2022P,lorlatinib,distance,2022,0.02262,112.4215,17.2451,2.5433
Q2022P_S1986F,lorlatinib,distance,1986,0.27545,72.4847,18.8025,19.9656
Q2022P_S1986F,lorlatinib,distance,2022,0.01478,72.4847,18.8025,1.0714
WT,zidesamtinib,distance,1986,0.02557,114.7357,20.8130,2.9335
WT,zidesamtinib,distance,2022,0.03000,114.7357,20.8130,3.4422
S1986F,zidesamtinib,distance,1986,0.03106,101.1184,19.3595,3.1406
S1986F,zidesamtinib,distance,2022,0.01048,101.1184,19.3595,1.0597
Q2022P,zidesamtinib,distance,1986,0.00878,112.4202,17.2438,0.9867
Q2022P,zidesamtinib,distance,2022,0.02262,112.4202,17.2438,2.5435
Q2022P_S1986F,zidesamtinib,distance,1986,0.27560,72.4164,18.7958,19.9578
Q2022P_S1986F,zidesamtinib,distance,2022,0.01478,72.4164,18.7958,1.0703
WT,lorlatinib,distance,1986,0.02558,114.7859,20.8157,2.9361
WT,lorlatinib,distance,2022,0.03000,114.7859,20.8157,3.4435
S1986F,lorlatinib,distance,1986,0.03104,101.1321,19.3783,3.1394
S1986F,lorlatinib,distance,2022,0.01045,101.1321,19.3783,1.0569
Q2022P,lorlatinib,distance,1986,0.00878,112.4215,17.2451,0.9876
Q2022P,lorlatinib,distance,2022,0.02262,112.4215,17.2451,2.5433
Q2022P_S1986F,lorlatinib,distance,1986,0.27545,72.4847,18.8025,19.9656
Q2022P_S1986F,lorlatinib,distance,2022,0.01478,72.4847,18.8025,1.0714
WT,zidesamtinib,distance,1986,0.02557,114.7357,20.8130,2.9335
WT,zidesamtinib,distance,2022,0.03000,114.7357,20.8130,3.4422
S1986F,zidesamtinib,distance,1986,0.03106,101.1184,19.3595,3.1406
S1986F,zidesamtinib,distance,2022,0.01048,101.1184,19.3595,1.0597
Q2022P,zidesamtinib,distance,1986,0.00878,112.4202,17.2438,0.9867
Q2022P,zidesamtinib,distance,2022,0.02262,112.4202,17.2438,2.5435
Q2022P_S1986F,zidesamtinib,distance,1986,0.27560,72.4164,18.7958,19.9578
Q2022P_S1986F,zidesamtinib,distance,2022,0.01478,72.4164,18.7958,1.0703
WT,lorlatinib,distance,1986,0.02558,114.7859,20.8157,2.9361
WT,lorlatinib,distance,2022,0.03000,114.7859,20.8157,3.4435
S1986F,lorlatinib,distance,1986,0.03104,101.1321,19.3783,3.1394
S1986F,lorlatinib,distance,2022,0.01045,101.1321,19.3783,1.0569
Q2022P,lorlatinib,distance,1986,0.00878,112.4215,17.2451,0.9876
Q2022P,lorlatinib,distance,2022,0.02262,112.4215,17.2451,2.5433
Q2022P_S1986F,lorlatinib,distance,1986,0.27545,72.4847,18.8025,19.9656
Q2022P_S1986F,lorlatinib,distance,2022,0.01478,72.4847,18.8025,1.0714
WT,zidesamtinib,distance,1986,0.02557,114.7357,20.8130,2.9335
WT,zidesamtinib,distance,2022,0.03000,114.7357,20.8130,3.4422
S1986F,zidesamtinib,distance,1986,0.03106,101.1184,19.3595,3.1406
S1986F,zidesamtinib,distance,2022,0.01048,101.1184,19.3595,1.0597
Q2022P,zidesamtinib,distance,1986,0.00878,112.4202,17.2438,0.9867
Q2022P,zidesamtinib,distance,2022,0.02262,112.4202,17.2438,2.5435
Q2022P_S1986F,zidesamtinib,distance,1986,0.27560,72.4164,18.7958,19.9578
Q2022P_S1986F,zidesamtinib,distance,2022,0.01478,72.4164,18.7958,1.0703
WT,zidesamtinib,distance,1986,0.02506,116.6335,21.2547,2.9224
WT,zidesamtinib,distance,2022,0.02899,116.6335,21.2547,3.3817
S1986F,zidesamtinib,distance,1986,0.03072,102.7245,19.6312,3.1554
S1986F,zidesamtinib,distance,2022,0.01041,102.7245,19.6312,1.0696
Q2022P,zidesamtinib,distance,1986,0.00728,113.5714,17.6065,0.8267
Q2022P,zidesamtinib,distance,2022,0.02254,113.5714,17.6065,2.5604
Q2022P_S1986F,zidesamtinib,distance,1986,0.27354,73.8223,18.8567,20.1930
Q2022P_S1986F,zidesamtinib,distance,2022,0.01481,73.8223,18.8567,1.0933
WT,zidesamtinib,distance,1986,0.02506,116.6335,21.2547,2.9224
WT,zidesamtinib,distance,2022,0.02899,116.6335,21.2547,3.3817
S1986F,zidesamtinib,distance,1986,0.03072,102.7245,19.6312,3.1554
S1986F,zidesamtinib,distance,2022,0.01041,102.7245,19.6312,1.0696
Q2022P,lorlatinib,distance,1986,0.00877,121.0631,18.5553,1.0619
Q2022P,lorlatinib,distance,2022,0.02158,121.0631,18.5553,2.6128
Q2022P_S1986F,lorlatinib,distance,1986,0.26765,79.1148,18.9038,21.1753
Q2022P_S1986F,lorlatinib,distance,2022,0.01490,79.1148,18.9038,1.1787
WT,lorlatinib,distance,1986,0.02242,133.1485,23.3848,2.9848
WT,lorlatinib,distance,2022,0.02513,133.1485,23.3848,3.3463
S1986F,lorlatinib,distance,1986,0.02794,111.9547,21.2181,3.1278
S1986F,lorlatinib,distance,2022,0.00950,111.9547,21.2181,1.0641
WT,lorlatinib,distance,1986,0.02242,133.1485,23.3848,2.9848
WT,lorlatinib,distance,2022,0.02513,133.1485,23.3848,3.3463
S1986F,lorlatinib,distance,1986,0.02794,111.9547,21.2181,3.1278
S1986F,lorlatinib,distance,2022,0.00950,111.9547,21.2181,1.0641
Q2022P,lorlatinib,distance,1986,0.00877,121.0631,18.5553,1.0619
Q2022P,lorlatinib,distance,2022,0.02158,121.0631,18.5553,2.6128
Q2022P_S1986F,lorlatinib,distance,1986,0.26765,79.1148,18.9038,21.1753
Q2022P_S1986F,lorlatinib,distance,2022,0.01490,79.1148,18.9038,1.1787
WT,zidesamtinib,distance,1986,0.02506,116.6335,21.2547,2.9224
WT,zidesamtinib,distance,2022,0.02899,116.6335,21.2547,3.3817
S1986F,zidesamtinib,distance,1986,0.03072,102.7245,19.6312,3.1554
S1986F,zidesamtinib,distance,2022,0.01041,102.7245,19.6312,1.0696
Q2022P,zidesamtinib,distance,1986,0.00728,113.5714,17.6065,0.8267
Q2022P,zidesamtinib,distance,2022,0.02254,113.5714,17.6065,2.5604
Q2022P_S1986F,zidesamtinib,distance,1986,0.27354,73.8223,18.8567,20.1930
Q2022P_S1986F,zidesamtinib,distance,2022,0.01481,73.8223,18.8567,1.0933
WT,zidesamtinib,distance,1986,0.02506,116.6335,21.2547,2.9224
WT,zidesamtinib,distance,2022,0.02899,116.6335,21.2547,3.3817
S1986F,zidesamtinib,distance,1986,0.03072,102.7245,19.6312,3.1554
S1986F,zidesamtinib,distance,2022,0.01041,102.7245,19.6312,1.0696
Q2022P,zidesamtinib,distance,1986,0.00728,113.5714,17.6065,0.8267
Q2022P,zidesamtinib,distance,2022,0.02254,113.5714,17.6065,2.5604
Q2022P_S1986F,zidesamtinib,distance,1986,0.27354,73.8223,18.8567,20.1930
Q2022P_S1986F,zidesamtinib,distance,2022,0.01481,73.8223,18.8567,1.0933
WT,ceritinib,distance,1986,0.02555,114.9520,20.8387,2.9371
WT,ceritinib,distance,2022,0.02999,114.9520,20.8387,3.4473
S1986F,ceritinib,distance,1986,0.03101,101.1691,19.3947,3.1373
S1986F,ceritinib,distance,2022,0.01043,101.1691,19.3947,1.0551
Q2022P,ceritinib,distance,1986,0.00867,112.5119,17.2630,0.9756
Q2022P,ceritinib,distance,2022,0.02266,112.5119,17.2630,2.5495
Q2022P_S1986F,ceritinib,distance,1986,0.27450,72.8757,18.8578,20.0047
Q2022P_S1986F,ceritinib,distance,2022,0.01477,72.8757,18.8578,1.0761
WT,ceritinib,distance,1986,0.02555,114.9520,20.8387,2.9371
WT,ceritinib,distance,2022,0.02999,114.9520,20.8387,3.4473
S1986F,ceritinib,distance,1986,0.03101,101.1691,19.3947,3.1373
S1986F,ceritinib,distance,2022,0.01043,101.1691,19.3947,1.0551
Q2022P,ceritinib,distance,1986,0.00867,112.5119,17.2630,0.9756
Q2022P,ceritinib,distance,2022,0.02266,112.5119,17.2630,2.5495
Q2022P_S1986F,ceritinib,distance,1986,0.27450,72.8757,18.8578,20.0047
Q2022P_S1986F,ceritinib,distance,2022,0.01477,72.8757,18.8578,1.0761
