trajectory,mutant,replica,act_switches,act_mean_dwell_frames,dfg_switches,dfg_mean_dwell_frames,pocket_switches,pocket_mean_dwell_frames
/homes/lkgyammerah/Molecular_Dynamics_analysis/trajectories/ros1_prepared_final/C2060G/0,C2060G,0,0,10001.0,1005,3.1381709741550696,726,13.75653370013755
/homes/lkgyammerah/Molecular_Dynamics_analysis/trajectories/ros1_prepared_final/C2060G/1,C2060G,1,0,13723.0,1116,2.8263205013428827,3190,4.3005327483547475
/homes/lkgyammerah/Molecular_Dynamics_analysis/trajectories/ros1_prepared_final/C2060G/2,C2060G,2,0,15590.0,1243,2.537781350482315,1966,7.925775292323335
/homes/lkgyammerah/Molecular_Dynamics_analysis/trajectories/ros1_prepared_final/D1988N/0,D1988N,0,0,10001.0,1005,3.1381709741550696,2536,3.9420575482853764
/homes/lkgyammerah/Molecular_Dynamics_analysis/trajectories/ros1_prepared_final/D1988N/1,D1988N,1,0,15782.0,1084,2.9096774193548387,2596,6.077011936850211
/homes/lkgyammerah/Molecular_Dynamics_analysis/trajectories/ros1_prepared_final/D1988N/2,D1988N,2,0,13704.0,1419,2.223239436619718,2252,6.082556591211718
/homes/lkgyammerah/Molecular_Dynamics_analysis/trajectories/ros1_prepared_final/D2033N/0,D2033N,0,0,10001.0,1212,2.602638087386645,1010,9.892185954500494
/homes/lkgyammerah/Molecular_Dynamics_analysis/trajectories/ros1_prepared_final/D2033N/1,D2033N,1,0,15748.0,1346,2.343726800296956,2996,5.254587921254588
/homes/lkgyammerah/Molecular_Dynamics_analysis/trajectories/ros1_prepared_final/D2033N/2,D2033N,2,0,13687.0,1391,2.2679597701149423,3040,4.500822097994081
/homes/lkgyammerah/Molecular_Dynamics_analysis/trajectories/ros1_prepared_final/D2113G/0,D2113G,0,0,10001.0,1112,2.8364779874213837,2201,4.541780199818347
/homes/lkgyammerah/Molecular_Dynamics_analysis/trajectories/ros1_prepared_final/D2113G/1,D2113G,1,0,13615.0,1258,2.5075456711675934,4821,2.823517212774782
/homes/lkgyammerah/Molecular_Dynamics_analysis/trajectories/ros1_prepared_final/D2113G/2,D2113G,2,0,14416.0,1101,2.864791288566243,3470,4.15326995102276
/homes/lkgyammerah/Molecular_Dynamics_analysis/trajectories/ros1_prepared_final/D2113N/0,D2113N,0,0,10001.0,1313,2.402587519025875,3650,2.739249520679266
/homes/lkgyammerah/Molecular_Dynamics_analysis/trajectories/ros1_prepared_final/D2113N/1,D2113N,1,0,13697.0,1210,2.606936416184971,3534,3.8746817538896745
/homes/lkgyammerah/Molecular_Dynamics_analysis/trajectories/ros1_prepared_final/D2113N/2,D2113N,2,0,14295.0,1231,2.5625,3670,3.894034323072732
/homes/lkgyammerah/Molecular_Dynamics_analysis/trajectories/ros1_prepared_final/E1935G/0,E1935G,0,0,10001.0,1111,2.839028776978417,2748,3.6380502000727537
/homes/lkgyammerah/Molecular_Dynamics_analysis/trajectories/ros1_prepared_final/E1935G/1,E1935G,1,0,13315.0,1190,2.6507136859781695,2623,5.074314024390244
/homes/lkgyammerah/Molecular_Dynamics_analysis/trajectories/ros1_prepared_final/E1935G/2,E1935G,2,0,14691.0,1226,2.5729421352893236,4593,3.197866782760122
/homes/lkgyammerah/Molecular_Dynamics_analysis/trajectories/ros1_prepared_final/E1990G/0,E1990G,0,0,10001.0,1275,2.4741379310344827,3044,3.2844006568144497
/homes/lkgyammerah/Molecular_Dynamics_analysis/trajectories/ros1_prepared_final/E1990G/1,E1990G,1,0,13977.0,1075,2.934014869888476,2108,6.627311522048364
/homes/lkgyammerah/Molecular_Dynamics_analysis/trajectories/ros1_prepared_final/E1990G/2,E1990G,2,0,15822.0,1339,2.3559701492537313,2586,6.115964437572478
/homes/lkgyammerah/Molecular_Dynamics_analysis/trajectories/ros1_prepared_final/E2020K/0,E2020K,0,0,10001.0,1049,3.006666666666667,804,12.423602484472049
/homes/lkgyammerah/Molecular_Dynamics_analysis/trajectories/ros1_prepared_final/E2020K/1,E2020K,1,0,13309.0,1390,2.269590222861251,1988,6.691302161890397
/homes/lkgyammerah/Molecular_Dynamics_analysis/trajectories/ros1_prepared_final/E2020K/2,E2020K,2,0,14674.0,1011,3.119565217391304,4655,3.151632302405498
/homes/lkgyammerah/Molecular_Dynamics_analysis/trajectories/ros1_prepared_final/E2131Q/0,E2131Q,0,0,10001.0,1214,2.5983539094650205,860,11.615563298490128
/homes/lkgyammerah/Molecular_Dynamics_analysis/trajectories/ros1_prepared_final/E2131Q/1,E2131Q,1,0,13357.0,1268,2.487785657998424,1245,10.719903691813805
/homes/lkgyammerah/Molecular_Dynamics_analysis/trajectories/ros1_prepared_final/E2131Q/2,E2131Q,2,0,14736.0,1228,2.5687550854353134,1140,12.91498685363716
/homes/lkgyammerah/Molecular_Dynamics_analysis/trajectories/ros1_prepared_final/F2004C/0,F2004C,0,0,10001.0,1124,2.8062222222222224,3090,3.235522484632805
/homes/lkgyammerah/Molecular_Dynamics_analysis/trajectories/ros1_prepared_final/F2004C/1,F2004C,1,0,12864.0,1175,2.6845238095238093,4100,3.136795903438186
/homes/lkgyammerah/Molecular_Dynamics_analysis/trajectories/ros1_prepared_final/F2004C/2,F2004C,2,0,13708.0,1200,2.6286427976686095,3755,3.6496272630457933
/homes/lkgyammerah/Molecular_Dynamics_analysis/trajectories/ros1_prepared_final/F2004L/0,F2004L,0,0,10001.0,1246,2.5316760224538895,1212,8.24484748557296
/homes/lkgyammerah/Molecular_Dynamics_analysis/trajectories/ros1_prepared_final/F2004L/1,F2004L,1,0,13352.0,1336,2.3612565445026177,2332,5.723103300471496
/homes/lkgyammerah/Molecular_Dynamics_analysis/trajectories/ros1_prepared_final/F2004L/2,F2004L,2,0,5156.0,1270,2.4838709677419355,1398,3.6854896354538957
/homes/lkgyammerah/Molecular_Dynamics_analysis/trajectories/ros1_prepared_final/F2004V/0,F2004V,0,0,10001.0,1179,2.675423728813559,2096,4.7691940867906535
/homes/lkgyammerah/Molecular_Dynamics_analysis/trajectories/ros1_prepared_final/F2004V/1,F2004V,1,0,13731.0,1331,2.37012012012012,2801,4.900428265524625
/homes/lkgyammerah/Molecular_Dynamics_analysis/trajectories/ros1_prepared_final/F2004V/2,F2004V,2,0,5714.0,1403,2.2485754985754984,1216,4.695152013147083
/homes/lkgyammerah/Molecular_Dynamics_analysis/trajectories/ros1_prepared_final/F2075V/0,F2075V,0,0,10001.0,1102,2.8621940163191297,968,10.320949432404541
/homes/lkgyammerah/Molecular_Dynamics_analysis/trajectories/ros1_prepared_final/F2075V/1,F2075V,1,0,13624.0,208,15.105263157894736,3307,4.118500604594922
/homes/lkgyammerah/Molecular_Dynamics_analysis/trajectories/ros1_prepared_final/F2075V/2,F2075V,2,0,5434.0,1406,2.243781094527363,820,6.618757612667479
/homes/lkgyammerah/Molecular_Dynamics_analysis/trajectories/ros1_prepared_final/G1957A/0,G1957A,0,0,10001.0,1112,2.8364779874213837,1905,5.247114375655824
/homes/lkgyammerah/Molecular_Dynamics_analysis/trajectories/ros1_prepared_final/G1957A/1,G1957A,1,0,14020.0,1348,2.3402520385470718,3617,3.875069098949696
/homes/lkgyammerah/Molecular_Dynamics_analysis/trajectories/ros1_prepared_final/G1957A/2,G1957A,2,0,6198.0,837,3.7673031026252985,1712,3.6182136602451838
/homes/lkgyammerah/Molecular_Dynamics_analysis/trajectories/ros1_prepared_final/G1971E/0,G1971E,0,0,10001.0,1363,2.314516129032258,1824,5.48
/homes/lkgyammerah/Molecular_Dynamics_analysis/trajectories/ros1_prepared_final/G1971E/1,G1971E,1,0,13709.0,1166,2.7052270779777206,3589,3.8186629526462395
/homes/lkgyammerah/Molecular_Dynamics_analysis/trajectories/ros1_prepared_final/G1971E/2,G1971E,2,0,5879.0,1252,2.5195530726256985,1494,3.9324414715719063
/homes/lkgyammerah/Molecular_Dynamics_analysis/trajectories/ros1_prepared_final/G2032K/0,G2032K,0,0,10001.0,1149,2.745217391304348,2785,3.589734386216798
/homes/lkgyammerah/Molecular_Dynamics_analysis/trajectories/ros1_prepared_final/G2032K/1,G2032K,1,0,13672.0,1252,2.5195530726256985,4803,2.845961698584513
/homes/lkgyammerah/Molecular_Dynamics_analysis/trajectories/ros1_prepared_final/G2032K/2,G2032K,2,0,5356.0,1027,3.071011673151751,1260,4.247422680412371
/homes/lkgyammerah/Molecular_Dynamics_analysis/trajectories/ros1_prepared_final/G2032R/0,G2032R,0,0,10001.0,232,13.549356223175966,2998,3.3347782594198065
/homes/lkgyammerah/Molecular_Dynamics_analysis/trajectories/ros1_prepared_final/G2032R/1,G2032R,1,0,13646.0,1064,2.9643192488262913,3887,3.5097736625514404
/homes/lkgyammerah/Molecular_Dynamics_analysis/trajectories/ros1_prepared_final/G2032R/2,G2032R,2,0,5532.0,1320,2.3898561695685085,732,7.547066848567531
/homes/lkgyammerah/Molecular_Dynamics_analysis/trajectories/ros1_prepared_final/G2048A_NC/0,G2048A_NC,0,0,10001.0,765,4.1214099216710185,661,15.107250755287009
/homes/lkgyammerah/Molecular_Dynamics_analysis/trajectories/ros1_prepared_final/G2048A_NC/1,G2048A_NC,1,0,12529.0,999,3.157,4240,2.954256071681207
/homes/lkgyammerah/Molecular_Dynamics_analysis/trajectories/ros1_prepared_final/G2048A_NC/2,G2048A_NC,2,0,3157.0,983,3.2083333333333335,70,44.46478873239437
/homes/lkgyammerah/Molecular_Dynamics_analysis/trajectories/ros1_prepared_final/G2101A/0,G2101A,0,0,10001.0,826,3.8174123337363968,1521,6.57095926412615
/homes/lkgyammerah/Molecular_Dynamics_analysis/trajectories/ros1_prepared_final/G2101A/1,G2101A,1,0,13380.0,1202,2.6242726517040733,2245,5.957257346393589
/homes/lkgyammerah/Molecular_Dynamics_analysis/trajectories/ros1_prepared_final/G2101A/2,G2101A,2,0,5116.0,1244,2.5357429718875504,563,9.070921985815604
/homes/lkgyammerah/Molecular_Dynamics_analysis/trajectories/ros1_prepared_final/H1999Q_NC/0,H1999Q_NC,0,0,10001.0,1306,2.4154552410099464,1602,6.238927011852776
/homes/lkgyammerah/Molecular_Dynamics_analysis/trajectories/ros1_prepared_final/H1999Q_NC/1,H1999Q_NC,1,0,13328.0,1297,2.4322033898305087,2819,4.726241134751773
/homes/lkgyammerah/Molecular_Dynamics_analysis/trajectories/ros1_prepared_final/H1999Q_NC/2,H1999Q_NC,2,0,4704.0,1122,2.811219946571683,650,7.225806451612903
/homes/lkgyammerah/Molecular_Dynamics_analysis/trajectories/ros1_prepared_final/L1947R/0,L1947R,0,0,10001.0,1159,2.7215517241379312,1176,8.497026338147833
/homes/lkgyammerah/Molecular_Dynamics_analysis/trajectories/ros1_prepared_final/L1947R/1,L1947R,1,0,13674.0,1428,2.2092372288313507,2438,5.60639606396064
/homes/lkgyammerah/Molecular_Dynamics_analysis/trajectories/ros1_prepared_final/L1947R/2,L1947R,2,0,5530.0,1168,2.7005988023952097,1558,3.5471456061577933
/homes/lkgyammerah/Molecular_Dynamics_analysis/trajectories/ros1_prepared_final/L1951R/0,L1951R,0,0,10001.0,1223,2.579248366013072,1822,5.486012068019748
/homes/lkgyammerah/Molecular_Dynamics_analysis/trajectories/ros1_prepared_final/L1951R/1,L1951R,1,0,13688.0,1157,2.726252158894646,2934,4.663713798977853
/homes/lkgyammerah/Molecular_Dynamics_analysis/trajectories/ros1_prepared_final/L1951R/2,L1951R,2,0,5633.0,1173,2.689097103918228,1116,5.042972247090421
/homes/lkgyammerah/Molecular_Dynamics_analysis/trajectories/ros1_prepared_final/L1982F/0,L1982F,0,0,10001.0,1323,2.384441087613293,1566,6.382259093809828
/homes/lkgyammerah/Molecular_Dynamics_analysis/trajectories/ros1_prepared_final/L1982F/1,L1982F,1,0,13603.0,1391,2.2679597701149423,1082,12.560480147737765
/homes/lkgyammerah/Molecular_Dynamics_analysis/trajectories/ros1_prepared_final/L1982F/2,L1982F,2,0,5349.0,1411,2.2358356940509916,426,12.526932084309134
/homes/lkgyammerah/Molecular_Dynamics_analysis/trajectories/ros1_prepared_final/L1982V/0,L1982V,0,0,10001.0,1274,2.476078431372549,2338,4.275758871312527
/homes/lkgyammerah/Molecular_Dynamics_analysis/trajectories/ros1_prepared_final/L1982V/1,L1982V,1,0,13667.0,1439,2.192361111111111,2716,5.0301803459698196
/homes/lkgyammerah/Molecular_Dynamics_analysis/trajectories/ros1_prepared_final/L1982V/2,L1982V,2,0,5338.0,1214,2.5983539094650205,580,9.187607573149743
/homes/lkgyammerah/Molecular_Dynamics_analysis/trajectories/ros1_prepared_final/L2010M/0,L2010M,0,0,10001.0,1311,2.40625,2204,4.535600907029479
/homes/lkgyammerah/Molecular_Dynamics_analysis/trajectories/ros1_prepared_final/L2010M/1,L2010M,1,0,13627.0,1230,2.564581640942323,3342,4.076278791504636
/homes/lkgyammerah/Molecular_Dynamics_analysis/trajectories/ros1_prepared_final/L2010M/2,L2010M,2,0,5462.0,1212,2.602638087386645,1007,5.4186507936507935
/homes/lkgyammerah/Molecular_Dynamics_analysis/trajectories/ros1_prepared_final/L2026M/0,L2026M,0,0,10001.0,1058,2.9811142587346553,1757,5.688850967007964
/homes/lkgyammerah/Molecular_Dynamics_analysis/trajectories/ros1_prepared_final/L2026M/1,L2026M,1,0,13643.0,1254,2.5155378486055775,2642,5.161937192584185
/homes/lkgyammerah/Molecular_Dynamics_analysis/trajectories/ros1_prepared_final/L2026M/2,L2026M,2,0,5238.0,1089,2.896330275229358,999,5.238
/homes/lkgyammerah/Molecular_Dynamics_analysis/trajectories/ros1_prepared_final/L2053V_NC/0,L2053V_NC,0,0,10001.0,818,3.8547008547008548,962,10.385254413291797
/homes/lkgyammerah/Molecular_Dynamics_analysis/trajectories/ros1_prepared_final/L2053V_NC/1,L2053V_NC,1,0,13691.0,1176,2.682242990654206,1717,7.969150174621653
/homes/lkgyammerah/Molecular_Dynamics_analysis/trajectories/ros1_prepared_final/L2053V_NC/2,L2053V_NC,2,0,5611.0,1190,2.6507136859781695,1984,2.826700251889169
/homes/lkgyammerah/Molecular_Dynamics_analysis/trajectories/ros1_prepared_final/L2086F/0,L2086F,0,0,10001.0,1267,2.4897476340694005,2169,4.6087557603686635
/homes/lkgyammerah/Molecular_Dynamics_analysis/trajectories/ros1_prepared_final/L2086F/1,L2086F,1,0,13707.0,1434,2.2,1015,13.491141732283465
/homes/lkgyammerah/Molecular_Dynamics_analysis/trajectories/ros1_prepared_final/L2086F/2,L2086F,2,0,5680.0,1063,2.9671052631578947,1773,3.201803833145434
/homes/lkgyammerah/Molecular_Dynamics_analysis/trajectories/ros1_prepared_final/L2155S/0,L2155S,0,0,10001.0,806,3.9120198265179678,1696,5.893341190335887
/homes/lkgyammerah/Molecular_Dynamics_analysis/trajectories/ros1_prepared_final/L2155S/1,L2155S,1,0,13641.0,1272,2.4799685781618224,3601,3.7870627429206
/homes/lkgyammerah/Molecular_Dynamics_analysis/trajectories/ros1_prepared_final/L2155S/2,L2155S,2,0,5526.0,1281,2.4625585023400935,1703,3.242957746478873
/homes/lkgyammerah/Molecular_Dynamics_analysis/trajectories/ros1_prepared_final/Q2022P/0,Q2022P,0,0,10001.0,1235,2.5542071197411005,3537,2.826738270209158
/homes/lkgyammerah/Molecular_Dynamics_analysis/trajectories/ros1_prepared_final/Q2022P/1,Q2022P,1,0,13935.0,1272,2.4799685781618224,4407,3.1612976406533577
/homes/lkgyammerah/Molecular_Dynamics_analysis/trajectories/ros1_prepared_final/Q2022P/2,Q2022P,2,0,5739.0,1402,2.250178189593728,828,6.922798552472859
/homes/lkgyammerah/Molecular_Dynamics_analysis/trajectories/ros1_prepared_final/Q2022P_S1986F/0,Q2022P_S1986F,0,0,10001.0,1212,2.602638087386645,3370,2.9667754375556217
/homes/lkgyammerah/Molecular_Dynamics_analysis/trajectories/ros1_prepared_final/Q2022P_S1986F/1,Q2022P_S1986F,1,0,13114.0,1211,2.604785478547855,3775,3.4729872881355934
/homes/lkgyammerah/Molecular_Dynamics_analysis/trajectories/ros1_prepared_final/Q2022P_S1986F/2,Q2022P_S1986F,2,0,4924.0,1155,2.730968858131488,1568,3.138304652644997
/homes/lkgyammerah/Molecular_Dynamics_analysis/trajectories/ros1_prepared_final/Q2022P_S1986Y/0,Q2022P_S1986Y,0,0,10001.0,1298,2.430331023864511,2327,4.295962199312715
/homes/lkgyammerah/Molecular_Dynamics_analysis/trajectories/ros1_prepared_final/Q2022P_S1986Y/1,Q2022P_S1986Y,1,0,13730.0,1265,2.493680884676145,4308,3.1863541424924575
/homes/lkgyammerah/Molecular_Dynamics_analysis/trajectories/ros1_prepared_final/Q2022P_S1986Y/2,Q2022P_S1986Y,2,0,5708.0,1280,2.4644808743169397,1262,4.519398258115598
/homes/lkgyammerah/Molecular_Dynamics_analysis/trajectories/ros1_prepared_final/R2078K/0,R2078K,0,0,10001.0,1229,2.566666666666667,750,13.316910785619175
/homes/lkgyammerah/Molecular_Dynamics_analysis/trajectories/ros1_prepared_final/R2078K/1,R2078K,1,0,13333.0,1395,2.261461318051576,2126,6.268453220498355
/homes/lkgyammerah/Molecular_Dynamics_analysis/trajectories/ros1_prepared_final/R2078K/2,R2078K,2,0,4935.0,1276,2.472200469851214,172,28.526011560693643
/homes/lkgyammerah/Molecular_Dynamics_analysis/trajectories/ros1_prepared_final/S1986F/0,S1986F,0,0,10001.0,1179,2.675423728813559,1401,7.133380884450784
/homes/lkgyammerah/Molecular_Dynamics_analysis/trajectories/ros1_prepared_final/S1986F/1,S1986F,1,0,13600.0,1241,2.5418679549114334,2336,5.819426615318784
/homes/lkgyammerah/Molecular_Dynamics_analysis/trajectories/ros1_prepared_final/S1986F/2,S1986F,2,0,4902.0,1073,2.9394785847299816,670,7.305514157973175
/homes/lkgyammerah/Molecular_Dynamics_analysis/trajectories/ros1_prepared_final/S1986Y/0,S1986Y,0,0,10001.0,1275,2.4741379310344827,916,10.906215921483097
/homes/lkgyammerah/Molecular_Dynamics_analysis/trajectories/ros1_prepared_final/S1986Y/1,S1986Y,1,0,13335.0,1090,2.8936755270394134,1374,9.698181818181817
/homes/lkgyammerah/Molecular_Dynamics_analysis/trajectories/ros1_prepared_final/S1986Y/2,S1986Y,2,0,4950.0,1178,2.6776929601357082,136,36.13138686131387
/homes/lkgyammerah/Molecular_Dynamics_analysis/trajectories/ros1_prepared_final/V2089M/0,V2089M,0,0,10001.0,1225,2.575040783034258,548,18.216757741347905
/homes/lkgyammerah/Molecular_Dynamics_analysis/trajectories/ros1_prepared_final/V2089M/1,V2089M,1,0,13372.0,1234,2.5562753036437247,3797,3.520800421274355
/homes/lkgyammerah/Molecular_Dynamics_analysis/trajectories/ros1_prepared_final/V2089M/2,V2089M,2,0,4870.0,1349,2.3385185185185184,1450,3.3563059958649206
/homes/lkgyammerah/Molecular_Dynamics_analysis/trajectories/ros1_prepared_final/V2098I/0,V2098I,0,0,10001.0,1114,2.831390134529148,1745,5.72794959908362
/homes/lkgyammerah/Molecular_Dynamics_analysis/trajectories/ros1_prepared_final/V2098I/1,V2098I,1,0,13618.0,1068,2.9532273152478954,578,23.51986183074266
/homes/lkgyammerah/Molecular_Dynamics_analysis/trajectories/ros1_prepared_final/V2098I/2,V2098I,2,0,5433.0,1268,2.487785657998424,1874,2.8976
/homes/lkgyammerah/Molecular_Dynamics_analysis/trajectories/ros1_prepared_final/WT/0,WT,0,0,10001.0,1079,2.9231481481481483,838,11.920143027413587
/homes/lkgyammerah/Molecular_Dynamics_analysis/trajectories/ros1_prepared_final/WT/1,WT,1,0,13604.0,1305,2.417304747320061,2171,6.263351749539595
/homes/lkgyammerah/Molecular_Dynamics_analysis/trajectories/ros1_prepared_final/WT/2,WT,2,0,15009.0,1156,2.728608470181504,3246,4.622420696027102
