trajectory,mutant,replica,act_state_frac1,act_rmsd_nm_mean
/homes/lkgyammerah/Molecular_Dynamics_analysis/trajectories/ros1_prepared_final/C2060G/0,C2060G,0,0.0,0.02001563459634781
/homes/lkgyammerah/Molecular_Dynamics_analysis/trajectories/ros1_prepared_final/C2060G/1,C2060G,1,0.0,0.022647211328148842
/homes/lkgyammerah/Molecular_Dynamics_analysis/trajectories/ros1_prepared_final/C2060G/2,C2060G,2,0.0,0.029710715636610985
/homes/lkgyammerah/Molecular_Dynamics_analysis/trajectories/ros1_prepared_final/D1988N/0,D1988N,0,0.0,0.031485866755247116
/homes/lkgyammerah/Molecular_Dynamics_analysis/trajectories/ros1_prepared_final/D1988N/1,D1988N,1,0.0,0.01878351718187332
/homes/lkgyammerah/Molecular_Dynamics_analysis/trajectories/ros1_prepared_final/D1988N/2,D1988N,2,0.0,0.014799048192799091
/homes/lkgyammerah/Molecular_Dynamics_analysis/trajectories/ros1_prepared_final/D2033N/0,D2033N,0,0.0,0.019153311848640442
/homes/lkgyammerah/Molecular_Dynamics_analysis/trajectories/ros1_prepared_final/D2033N/1,D2033N,1,0.0,0.020213935524225235
/homes/lkgyammerah/Molecular_Dynamics_analysis/trajectories/ros1_prepared_final/D2033N/2,D2033N,2,0.0,0.01765069179236889
/homes/lkgyammerah/Molecular_Dynamics_analysis/trajectories/ros1_prepared_final/D2113G/0,D2113G,0,0.0,0.016998086124658585
/homes/lkgyammerah/Molecular_Dynamics_analysis/trajectories/ros1_prepared_final/D2113G/1,D2113G,1,0.0,0.026935547590255737
/homes/lkgyammerah/Molecular_Dynamics_analysis/trajectories/ros1_prepared_final/D2113G/2,D2113G,2,0.0,0.02457163855433464
/homes/lkgyammerah/Molecular_Dynamics_analysis/trajectories/ros1_prepared_final/D2113N/0,D2113N,0,0.0,0.01618095673620701
/homes/lkgyammerah/Molecular_Dynamics_analysis/trajectories/ros1_prepared_final/D2113N/1,D2113N,1,0.0,0.02086981199681759
/homes/lkgyammerah/Molecular_Dynamics_analysis/trajectories/ros1_prepared_final/D2113N/2,D2113N,2,0.0,0.021208874881267548
/homes/lkgyammerah/Molecular_Dynamics_analysis/trajectories/ros1_prepared_final/E1935G/0,E1935G,0,0.0,0.019273096695542336
/homes/lkgyammerah/Molecular_Dynamics_analysis/trajectories/ros1_prepared_final/E1935G/1,E1935G,1,0.0,0.02492309920489788
/homes/lkgyammerah/Molecular_Dynamics_analysis/trajectories/ros1_prepared_final/E1935G/2,E1935G,2,0.0,0.014689762145280838
/homes/lkgyammerah/Molecular_Dynamics_analysis/trajectories/ros1_prepared_final/E1990G/0,E1990G,0,0.0,0.019216585904359818
/homes/lkgyammerah/Molecular_Dynamics_analysis/trajectories/ros1_prepared_final/E1990G/1,E1990G,1,0.0,0.025106998160481453
/homes/lkgyammerah/Molecular_Dynamics_analysis/trajectories/ros1_prepared_final/E1990G/2,E1990G,2,0.0,0.0261409729719162
/homes/lkgyammerah/Molecular_Dynamics_analysis/trajectories/ros1_prepared_final/E2020K/0,E2020K,0,0.0,0.01980499178171158
/homes/lkgyammerah/Molecular_Dynamics_analysis/trajectories/ros1_prepared_final/E2020K/1,E2020K,1,0.0,0.02279263362288475
/homes/lkgyammerah/Molecular_Dynamics_analysis/trajectories/ros1_prepared_final/E2020K/2,E2020K,2,0.0,0.025335926562547684
/homes/lkgyammerah/Molecular_Dynamics_analysis/trajectories/ros1_prepared_final/E2131Q/0,E2131Q,0,0.0,0.02293153665959835
/homes/lkgyammerah/Molecular_Dynamics_analysis/trajectories/ros1_prepared_final/E2131Q/1,E2131Q,1,0.0,0.020026572048664093
/homes/lkgyammerah/Molecular_Dynamics_analysis/trajectories/ros1_prepared_final/E2131Q/2,E2131Q,2,0.0,0.026983927935361862
/homes/lkgyammerah/Molecular_Dynamics_analysis/trajectories/ros1_prepared_final/F2004C/0,F2004C,0,0.0,0.018598785623908043
/homes/lkgyammerah/Molecular_Dynamics_analysis/trajectories/ros1_prepared_final/F2004C/1,F2004C,1,0.0,0.019008906558156013
/homes/lkgyammerah/Molecular_Dynamics_analysis/trajectories/ros1_prepared_final/F2004C/2,F2004C,2,0.0,0.024178817868232727
/homes/lkgyammerah/Molecular_Dynamics_analysis/trajectories/ros1_prepared_final/F2004L/0,F2004L,0,0.0,0.014828930608928204
/homes/lkgyammerah/Molecular_Dynamics_analysis/trajectories/ros1_prepared_final/F2004L/1,F2004L,1,0.0,0.023373156785964966
/homes/lkgyammerah/Molecular_Dynamics_analysis/trajectories/ros1_prepared_final/F2004L/2,F2004L,2,0.0,0.03247055038809776
/homes/lkgyammerah/Molecular_Dynamics_analysis/trajectories/ros1_prepared_final/F2004V/0,F2004V,0,0.0,0.02636549435555935
/homes/lkgyammerah/Molecular_Dynamics_analysis/trajectories/ros1_prepared_final/F2004V/1,F2004V,1,0.0,0.022245505824685097
/homes/lkgyammerah/Molecular_Dynamics_analysis/trajectories/ros1_prepared_final/F2004V/2,F2004V,2,0.0,0.018807416781783104
/homes/lkgyammerah/Molecular_Dynamics_analysis/trajectories/ros1_prepared_final/F2075V/0,F2075V,0,0.0,0.02920493856072426
/homes/lkgyammerah/Molecular_Dynamics_analysis/trajectories/ros1_prepared_final/F2075V/1,F2075V,1,0.0,0.02475755847990513
/homes/lkgyammerah/Molecular_Dynamics_analysis/trajectories/ros1_prepared_final/F2075V/2,F2075V,2,0.0,0.02038382925093174
/homes/lkgyammerah/Molecular_Dynamics_analysis/trajectories/ros1_prepared_final/G1957A/0,G1957A,0,0.0,0.0229436494410038
/homes/lkgyammerah/Molecular_Dynamics_analysis/trajectories/ros1_prepared_final/G1957A/1,G1957A,1,0.0,0.01389450766146183
/homes/lkgyammerah/Molecular_Dynamics_analysis/trajectories/ros1_prepared_final/G1957A/2,G1957A,2,0.0,0.021387169137597084
/homes/lkgyammerah/Molecular_Dynamics_analysis/trajectories/ros1_prepared_final/G1971E/0,G1971E,0,0.0,0.019926903769373894
/homes/lkgyammerah/Molecular_Dynamics_analysis/trajectories/ros1_prepared_final/G1971E/1,G1971E,1,0.0,0.019212953746318817
/homes/lkgyammerah/Molecular_Dynamics_analysis/trajectories/ros1_prepared_final/G1971E/2,G1971E,2,0.0,0.02005596086382866
/homes/lkgyammerah/Molecular_Dynamics_analysis/trajectories/ros1_prepared_final/G2032K/0,G2032K,0,0.0,0.02017304301261902
/homes/lkgyammerah/Molecular_Dynamics_analysis/trajectories/ros1_prepared_final/G2032K/1,G2032K,1,0.0,0.01987539790570736
/homes/lkgyammerah/Molecular_Dynamics_analysis/trajectories/ros1_prepared_final/G2032K/2,G2032K,2,0.0,0.02150668203830719
/homes/lkgyammerah/Molecular_Dynamics_analysis/trajectories/ros1_prepared_final/G2032R/0,G2032R,0,0.0,0.02263592556118965
/homes/lkgyammerah/Molecular_Dynamics_analysis/trajectories/ros1_prepared_final/G2032R/1,G2032R,1,0.0,0.020631728693842888
/homes/lkgyammerah/Molecular_Dynamics_analysis/trajectories/ros1_prepared_final/G2032R/2,G2032R,2,0.0,0.02342158555984497
/homes/lkgyammerah/Molecular_Dynamics_analysis/trajectories/ros1_prepared_final/G2048A_NC/0,G2048A_NC,0,0.0,0.013016668148338795
/homes/lkgyammerah/Molecular_Dynamics_analysis/trajectories/ros1_prepared_final/G2048A_NC/1,G2048A_NC,1,0.0,0.01862621307373047
/homes/lkgyammerah/Molecular_Dynamics_analysis/trajectories/ros1_prepared_final/G2048A_NC/2,G2048A_NC,2,0.0,0.020508170127868652
/homes/lkgyammerah/Molecular_Dynamics_analysis/trajectories/ros1_prepared_final/G2101A/0,G2101A,0,0.0,0.024599533528089523
/homes/lkgyammerah/Molecular_Dynamics_analysis/trajectories/ros1_prepared_final/G2101A/1,G2101A,1,0.0,0.019624892622232437
/homes/lkgyammerah/Molecular_Dynamics_analysis/trajectories/ros1_prepared_final/G2101A/2,G2101A,2,0.0,0.021786943078041077
/homes/lkgyammerah/Molecular_Dynamics_analysis/trajectories/ros1_prepared_final/H1999Q_NC/0,H1999Q_NC,0,0.0,0.02030533365905285
/homes/lkgyammerah/Molecular_Dynamics_analysis/trajectories/ros1_prepared_final/H1999Q_NC/1,H1999Q_NC,1,0.0,0.024346336722373962
/homes/lkgyammerah/Molecular_Dynamics_analysis/trajectories/ros1_prepared_final/H1999Q_NC/2,H1999Q_NC,2,0.0,0.018452538177371025
/homes/lkgyammerah/Molecular_Dynamics_analysis/trajectories/ros1_prepared_final/L1947R/0,L1947R,0,0.0,0.017816495150327682
/homes/lkgyammerah/Molecular_Dynamics_analysis/trajectories/ros1_prepared_final/L1947R/1,L1947R,1,0.0,0.024268830195069313
/homes/lkgyammerah/Molecular_Dynamics_analysis/trajectories/ros1_prepared_final/L1947R/2,L1947R,2,0.0,0.02664930745959282
/homes/lkgyammerah/Molecular_Dynamics_analysis/trajectories/ros1_prepared_final/L1951R/0,L1951R,0,0.0,0.025324774906039238
/homes/lkgyammerah/Molecular_Dynamics_analysis/trajectories/ros1_prepared_final/L1951R/1,L1951R,1,0.0,0.030342044308781624
/homes/lkgyammerah/Molecular_Dynamics_analysis/trajectories/ros1_prepared_final/L1951R/2,L1951R,2,0.0,0.019558150321245193
/homes/lkgyammerah/Molecular_Dynamics_analysis/trajectories/ros1_prepared_final/L1982F/0,L1982F,0,0.0,0.03313746303319931
/homes/lkgyammerah/Molecular_Dynamics_analysis/trajectories/ros1_prepared_final/L1982F/1,L1982F,1,0.0,0.016870301216840744
/homes/lkgyammerah/Molecular_Dynamics_analysis/trajectories/ros1_prepared_final/L1982F/2,L1982F,2,0.0,0.023627907037734985
/homes/lkgyammerah/Molecular_Dynamics_analysis/trajectories/ros1_prepared_final/L1982V/0,L1982V,0,0.0,0.03444725275039673
/homes/lkgyammerah/Molecular_Dynamics_analysis/trajectories/ros1_prepared_final/L1982V/1,L1982V,1,0.0,0.03627565875649452
/homes/lkgyammerah/Molecular_Dynamics_analysis/trajectories/ros1_prepared_final/L1982V/2,L1982V,2,0.0,0.014685197733342648
/homes/lkgyammerah/Molecular_Dynamics_analysis/trajectories/ros1_prepared_final/L2010M/0,L2010M,0,0.0,0.020317478105425835
/homes/lkgyammerah/Molecular_Dynamics_analysis/trajectories/ros1_prepared_final/L2010M/1,L2010M,1,0.0,0.014493717812001705
/homes/lkgyammerah/Molecular_Dynamics_analysis/trajectories/ros1_prepared_final/L2010M/2,L2010M,2,0.0,0.03018033131957054
/homes/lkgyammerah/Molecular_Dynamics_analysis/trajectories/ros1_prepared_final/L2026M/0,L2026M,0,0.0,0.020078355446457863
/homes/lkgyammerah/Molecular_Dynamics_analysis/trajectories/ros1_prepared_final/L2026M/1,L2026M,1,0.0,0.021746356040239334
/homes/lkgyammerah/Molecular_Dynamics_analysis/trajectories/ros1_prepared_final/L2026M/2,L2026M,2,0.0,0.020906684920191765
/homes/lkgyammerah/Molecular_Dynamics_analysis/trajectories/ros1_prepared_final/L2053V_NC/0,L2053V_NC,0,0.0,0.024067919701337814
/homes/lkgyammerah/Molecular_Dynamics_analysis/trajectories/ros1_prepared_final/L2053V_NC/1,L2053V_NC,1,0.0,0.022973019629716873
/homes/lkgyammerah/Molecular_Dynamics_analysis/trajectories/ros1_prepared_final/L2053V_NC/2,L2053V_NC,2,0.0,0.0172809436917305
/homes/lkgyammerah/Molecular_Dynamics_analysis/trajectories/ros1_prepared_final/L2086F/0,L2086F,0,0.0,0.021621137857437134
/homes/lkgyammerah/Molecular_Dynamics_analysis/trajectories/ros1_prepared_final/L2086F/1,L2086F,1,0.0,0.013032211922109127
/homes/lkgyammerah/Molecular_Dynamics_analysis/trajectories/ros1_prepared_final/L2086F/2,L2086F,2,0.0,0.01936156302690506
/homes/lkgyammerah/Molecular_Dynamics_analysis/trajectories/ros1_prepared_final/L2155S/0,L2155S,0,0.0,0.02058524638414383
/homes/lkgyammerah/Molecular_Dynamics_analysis/trajectories/ros1_prepared_final/L2155S/1,L2155S,1,0.0,0.023142259567975998
/homes/lkgyammerah/Molecular_Dynamics_analysis/trajectories/ros1_prepared_final/L2155S/2,L2155S,2,0.0,0.016801679506897926
/homes/lkgyammerah/Molecular_Dynamics_analysis/trajectories/ros1_prepared_final/Q2022P/0,Q2022P,0,0.0,0.02397194691002369
/homes/lkgyammerah/Molecular_Dynamics_analysis/trajectories/ros1_prepared_final/Q2022P/1,Q2022P,1,0.0,0.010707306675612926
/homes/lkgyammerah/Molecular_Dynamics_analysis/trajectories/ros1_prepared_final/Q2022P/2,Q2022P,2,0.0,0.014908300712704659
/homes/lkgyammerah/Molecular_Dynamics_analysis/trajectories/ros1_prepared_final/Q2022P_S1986F/0,Q2022P_S1986F,0,0.0,0.02326146699488163
/homes/lkgyammerah/Molecular_Dynamics_analysis/trajectories/ros1_prepared_final/Q2022P_S1986F/1,Q2022P_S1986F,1,0.0,0.023047171533107758
/homes/lkgyammerah/Molecular_Dynamics_analysis/trajectories/ros1_prepared_final/Q2022P_S1986F/2,Q2022P_S1986F,2,0.0,0.022202298045158386
/homes/lkgyammerah/Molecular_Dynamics_analysis/trajectories/ros1_prepared_final/Q2022P_S1986Y/0,Q2022P_S1986Y,0,0.0,0.020754052326083183
/homes/lkgyammerah/Molecular_Dynamics_analysis/trajectories/ros1_prepared_final/Q2022P_S1986Y/1,Q2022P_S1986Y,1,0.0,0.015007276087999344
/homes/lkgyammerah/Molecular_Dynamics_analysis/trajectories/ros1_prepared_final/Q2022P_S1986Y/2,Q2022P_S1986Y,2,0.0,0.025791451334953308
/homes/lkgyammerah/Molecular_Dynamics_analysis/trajectories/ros1_prepared_final/R2078K/0,R2078K,0,0.0,0.019235678017139435
/homes/lkgyammerah/Molecular_Dynamics_analysis/trajectories/ros1_prepared_final/R2078K/1,R2078K,1,0.0,0.026820247992873192
/homes/lkgyammerah/Molecular_Dynamics_analysis/trajectories/ros1_prepared_final/R2078K/2,R2078K,2,0.0,0.018508248031139374
/homes/lkgyammerah/Molecular_Dynamics_analysis/trajectories/ros1_prepared_final/S1986F/0,S1986F,0,0.0,0.022108247503638268
/homes/lkgyammerah/Molecular_Dynamics_analysis/trajectories/ros1_prepared_final/S1986F/1,S1986F,1,0.0,0.022808140143752098
/homes/lkgyammerah/Molecular_Dynamics_analysis/trajectories/ros1_prepared_final/S1986F/2,S1986F,2,0.0,0.02345004677772522
/homes/lkgyammerah/Molecular_Dynamics_analysis/trajectories/ros1_prepared_final/S1986Y/0,S1986Y,0,0.0,0.029628489166498184
/homes/lkgyammerah/Molecular_Dynamics_analysis/trajectories/ros1_prepared_final/S1986Y/1,S1986Y,1,0.0,0.01641467958688736
/homes/lkgyammerah/Molecular_Dynamics_analysis/trajectories/ros1_prepared_final/S1986Y/2,S1986Y,2,0.0,0.014643892645835876
/homes/lkgyammerah/Molecular_Dynamics_analysis/trajectories/ros1_prepared_final/V2089M/0,V2089M,0,0.0,0.01724272221326828
/homes/lkgyammerah/Molecular_Dynamics_analysis/trajectories/ros1_prepared_final/V2089M/1,V2089M,1,0.0,0.02127191610634327
/homes/lkgyammerah/Molecular_Dynamics_analysis/trajectories/ros1_prepared_final/V2089M/2,V2089M,2,0.0,0.026709945872426033
/homes/lkgyammerah/Molecular_Dynamics_analysis/trajectories/ros1_prepared_final/V2098I/0,V2098I,0,0.0,0.01868990994989872
/homes/lkgyammerah/Molecular_Dynamics_analysis/trajectories/ros1_prepared_final/V2098I/1,V2098I,1,0.0,0.020042026415467262
/homes/lkgyammerah/Molecular_Dynamics_analysis/trajectories/ros1_prepared_final/V2098I/2,V2098I,2,0.0,0.02925352193415165
/homes/lkgyammerah/Molecular_Dynamics_analysis/trajectories/ros1_prepared_final/WT/0,WT,0,0.0,0.022558309137821198
/homes/lkgyammerah/Molecular_Dynamics_analysis/trajectories/ros1_prepared_final/WT/1,WT,1,0.0,0.016543542966246605
/homes/lkgyammerah/Molecular_Dynamics_analysis/trajectories/ros1_prepared_final/WT/2,WT,2,0.0,0.01738620176911354
