trajectory,mutant,replica,pocket_front_mean,pocket_front_std,pocket_dfg_mean,pocket_dfg_std,pocket_open_frac,gate_dfgF_mean,gate_dfgF_std
/homes/lkgyammerah/Molecular_Dynamics_analysis/trajectories/ros1_prepared_final/C2060G/0,C2060G,0,1.749873399734497,0.07935608923435211,1.7286001443862915,0.11986922472715378,0.9462053794620537,1.3637279272079468,0.05797939375042915
/homes/lkgyammerah/Molecular_Dynamics_analysis/trajectories/ros1_prepared_final/C2060G/1,C2060G,1,1.681043028831482,0.1150585189461708,1.62230384349823,0.07879336178302765,0.7252787291408584,1.3263576030731201,0.0497230589389801
/homes/lkgyammerah/Molecular_Dynamics_analysis/trajectories/ros1_prepared_final/C2060G/2,C2060G,2,1.735619306564331,0.10020344704389572,1.71726393699646,0.09963437169790268,0.8703656189865299,1.3627969026565552,0.05768846720457077
/homes/lkgyammerah/Molecular_Dynamics_analysis/trajectories/ros1_prepared_final/D1988N/0,D1988N,0,1.5364283323287964,0.10476991534233093,1.606382966041565,0.09632909297943115,0.3454654534546545,1.314953327178955,0.04924597591161728
/homes/lkgyammerah/Molecular_Dynamics_analysis/trajectories/ros1_prepared_final/D1988N/1,D1988N,1,1.7298924922943115,0.12111981213092804,1.668870449066162,0.11908543109893799,0.771828665568369,1.3450323343276978,0.0586700476706028
/homes/lkgyammerah/Molecular_Dynamics_analysis/trajectories/ros1_prepared_final/D1988N/2,D1988N,2,1.7049643993377686,0.09028558433055878,1.7002973556518555,0.10561437159776688,0.8324576765907764,1.354238510131836,0.06034017354249954
/homes/lkgyammerah/Molecular_Dynamics_analysis/trajectories/ros1_prepared_final/D2033N/0,D2033N,0,1.7316685914993286,0.07957707345485687,1.6772478818893433,0.10740597546100616,0.9166083391660834,1.3707916736602783,0.05766832455992699
/homes/lkgyammerah/Molecular_Dynamics_analysis/trajectories/ros1_prepared_final/D2033N/1,D2033N,1,1.6880977153778076,0.09269347786903381,1.66355299949646,0.1088433787226677,0.7667640335280671,1.358068823814392,0.05661477893590927
/homes/lkgyammerah/Molecular_Dynamics_analysis/trajectories/ros1_prepared_final/D2033N/2,D2033N,2,1.6990405321121216,0.08842512965202332,1.6252117156982422,0.11429374665021896,0.7122817271863813,1.3378790616989136,0.058476123958826065
/homes/lkgyammerah/Molecular_Dynamics_analysis/trajectories/ros1_prepared_final/D2113G/0,D2113G,0,1.6717476844787598,0.07313495129346848,1.5797568559646606,0.11035776883363724,0.6137386261373863,1.3244565725326538,0.05633343756198883
/homes/lkgyammerah/Molecular_Dynamics_analysis/trajectories/ros1_prepared_final/D2113G/1,D2113G,1,1.6306999921798706,0.05561884120106697,1.569557785987854,0.04633117839694023,0.3596768270290121,1.3101671934127808,0.03839325159788132
/homes/lkgyammerah/Molecular_Dynamics_analysis/trajectories/ros1_prepared_final/D2113G/2,D2113G,2,1.6433327198028564,0.10142029076814651,1.6209168434143066,0.08284077048301697,0.5842813540510544,1.3260746002197266,0.04577283933758736
/homes/lkgyammerah/Molecular_Dynamics_analysis/trajectories/ros1_prepared_final/D2113N/0,D2113N,0,1.5137256383895874,0.032030344009399414,1.5727510452270508,0.050503965467214584,0.5118488151184881,1.3393291234970093,0.042204875499010086
/homes/lkgyammerah/Molecular_Dynamics_analysis/trajectories/ros1_prepared_final/D2113N/1,D2113N,1,1.6201820373535156,0.09521671384572983,1.5932700634002686,0.07212942838668823,0.44126451047674675,1.3132990598678589,0.044605620205402374
/homes/lkgyammerah/Molecular_Dynamics_analysis/trajectories/ros1_prepared_final/D2113N/2,D2113N,2,1.6499779224395752,0.07451765984296799,1.6254183053970337,0.08077145367860794,0.6301504022385449,1.3469843864440918,0.05157932639122009
/homes/lkgyammerah/Molecular_Dynamics_analysis/trajectories/ros1_prepared_final/E1935G/0,E1935G,0,1.685884952545166,0.07386462390422821,1.5874366760253906,0.06492526829242706,0.5956404359564044,1.3070564270019531,0.042735643684864044
/homes/lkgyammerah/Molecular_Dynamics_analysis/trajectories/ros1_prepared_final/E1935G/1,E1935G,1,1.7323635816574097,0.06885355710983276,1.5889536142349243,0.07231322675943375,0.8045061960195269,1.3057336807250977,0.04413697496056557
/homes/lkgyammerah/Molecular_Dynamics_analysis/trajectories/ros1_prepared_final/E1935G/2,E1935G,2,1.6500182151794434,0.06841140985488892,1.5672297477722168,0.08202330768108368,0.4464638213872439,1.3041017055511475,0.046826090663671494
/homes/lkgyammerah/Molecular_Dynamics_analysis/trajectories/ros1_prepared_final/E1990G/0,E1990G,0,1.633345127105713,0.07527907192707062,1.5278778076171875,0.07648497074842453,0.6096390360963904,1.3403278589248657,0.05373815447092056
/homes/lkgyammerah/Molecular_Dynamics_analysis/trajectories/ros1_prepared_final/E1990G/1,E1990G,1,1.724959373474121,0.06971439719200134,1.671119213104248,0.10983157902956009,0.8525434642627173,1.339012622833252,0.055877286940813065
/homes/lkgyammerah/Molecular_Dynamics_analysis/trajectories/ros1_prepared_final/E1990G/2,E1990G,2,1.6803613901138306,0.07312566041946411,1.6675405502319336,0.08693087846040726,0.8341549740867147,1.3671274185180664,0.048901017755270004
/homes/lkgyammerah/Molecular_Dynamics_analysis/trajectories/ros1_prepared_final/E2020K/0,E2020K,0,1.7007662057876587,0.1164039894938469,1.7195278406143188,0.1109660193324089,0.8995100489951005,1.4139971733093262,0.06828001141548157
/homes/lkgyammerah/Molecular_Dynamics_analysis/trajectories/ros1_prepared_final/E2020K/1,E2020K,1,1.688008189201355,0.10698232799768448,1.655081868171692,0.10132928192615509,0.8579156961454655,1.3673431873321533,0.05626325309276581
/homes/lkgyammerah/Molecular_Dynamics_analysis/trajectories/ros1_prepared_final/E2020K/2,E2020K,2,1.6438952684402466,0.07610908150672913,1.5023335218429565,0.06309975683689117,0.5451819544773068,1.32063889503479,0.04766597971320152
/homes/lkgyammerah/Molecular_Dynamics_analysis/trajectories/ros1_prepared_final/E2131Q/0,E2131Q,0,1.7810866832733154,0.09448405355215073,1.7092794179916382,0.11418519169092178,0.9282071792820717,1.3337714672088623,0.059315044432878494
/homes/lkgyammerah/Molecular_Dynamics_analysis/trajectories/ros1_prepared_final/E2131Q/1,E2131Q,1,1.7005535364151,0.09093336760997772,1.7161484956741333,0.10127083212137222,0.9187691846971625,1.3942604064941406,0.05876908823847771
/homes/lkgyammerah/Molecular_Dynamics_analysis/trajectories/ros1_prepared_final/E2131Q/2,E2131Q,2,1.7051810026168823,0.10451076924800873,1.7265492677688599,0.08903038501739502,0.940757328990228,1.3912220001220703,0.04794387146830559
/homes/lkgyammerah/Molecular_Dynamics_analysis/trajectories/ros1_prepared_final/F2004C/0,F2004C,0,1.6341763734817505,0.09374679625034332,1.510564923286438,0.07446158677339554,0.47985201479852013,1.3023486137390137,0.05855456739664078
/homes/lkgyammerah/Molecular_Dynamics_analysis/trajectories/ros1_prepared_final/F2004C/1,F2004C,1,1.6631957292556763,0.0733819529414177,1.5276261568069458,0.07498208433389664,0.5249533582089553,1.2963473796844482,0.052402839064598083
/homes/lkgyammerah/Molecular_Dynamics_analysis/trajectories/ros1_prepared_final/F2004C/2,F2004C,2,1.6887919902801514,0.09633578360080719,1.5347390174865723,0.11176923662424088,0.6921505690107966,1.312276840209961,0.060872577130794525
/homes/lkgyammerah/Molecular_Dynamics_analysis/trajectories/ros1_prepared_final/F2004L/0,F2004L,0,1.702289342880249,0.06317712366580963,1.6922471523284912,0.06894686818122864,0.9093090690930907,1.3724740743637085,0.046343717724084854
/homes/lkgyammerah/Molecular_Dynamics_analysis/trajectories/ros1_prepared_final/F2004L/1,F2004L,1,1.7252103090286255,0.0691695585846901,1.6475712060928345,0.09505283832550049,0.8150838825644098,1.336503028869629,0.06044435501098633
/homes/lkgyammerah/Molecular_Dynamics_analysis/trajectories/ros1_prepared_final/F2004L/2,F2004L,2,1.6354385614395142,0.062322307378053665,1.578046441078186,0.06933553516864777,0.3043056633048875,1.2962162494659424,0.04248693212866783
/homes/lkgyammerah/Molecular_Dynamics_analysis/trajectories/ros1_prepared_final/F2004V/0,F2004V,0,1.7141408920288086,0.06487494707107544,1.6705255508422852,0.09002604335546494,0.8008199180081992,1.330539584159851,0.04675569012761116
/homes/lkgyammerah/Molecular_Dynamics_analysis/trajectories/ros1_prepared_final/F2004V/1,F2004V,1,1.7202777862548828,0.06167035549879074,1.6084988117218018,0.08400360494852066,0.804165756317821,1.310224175453186,0.05038893595337868
/homes/lkgyammerah/Molecular_Dynamics_analysis/trajectories/ros1_prepared_final/F2004V/2,F2004V,2,1.6708905696868896,0.0682806521654129,1.6680421829223633,0.07713262736797333,0.8164158207910396,1.364387035369873,0.04711335524916649
/homes/lkgyammerah/Molecular_Dynamics_analysis/trajectories/ros1_prepared_final/F2075V/0,F2075V,0,1.6992324590682983,0.06812120974063873,1.7253704071044922,0.08525832742452621,0.930906909309069,1.3809728622436523,0.04530470073223114
/homes/lkgyammerah/Molecular_Dynamics_analysis/trajectories/ros1_prepared_final/F2075V/1,F2075V,1,1.685342788696289,0.07756166160106659,1.6049798727035522,0.0894775390625,0.6366705813270699,1.3177982568740845,0.051132287830114365
/homes/lkgyammerah/Molecular_Dynamics_analysis/trajectories/ros1_prepared_final/F2075V/2,F2075V,2,1.6784662008285522,0.07263486832380295,1.6349406242370605,0.101491779088974,0.7902097902097902,1.3708487749099731,0.05963559448719025
/homes/lkgyammerah/Molecular_Dynamics_analysis/trajectories/ros1_prepared_final/G1957A/0,G1957A,0,1.586376667022705,0.07605442404747009,1.5754005908966064,0.08223932981491089,0.25077492250774924,1.2985702753067017,0.045067038387060165
/homes/lkgyammerah/Molecular_Dynamics_analysis/trajectories/ros1_prepared_final/G1957A/1,G1957A,1,1.6746103763580322,0.0772797241806984,1.581074595451355,0.07554721087217331,0.5917261055634807,1.3103766441345215,0.04848377779126167
/homes/lkgyammerah/Molecular_Dynamics_analysis/trajectories/ros1_prepared_final/G1957A/2,G1957A,2,1.6463003158569336,0.07380207628011703,1.5836044549942017,0.0734364315867424,0.6231042271700549,1.3377888202667236,0.05457928404211998
/homes/lkgyammerah/Molecular_Dynamics_analysis/trajectories/ros1_prepared_final/G1971E/0,G1971E,0,1.7066597938537598,0.08662891387939453,1.669660210609436,0.08342306315898895,0.793020697930207,1.3382458686828613,0.04728765785694122
/homes/lkgyammerah/Molecular_Dynamics_analysis/trajectories/ros1_prepared_final/G1971E/1,G1971E,1,1.6592466831207275,0.08002713322639465,1.573620080947876,0.0912633165717125,0.4797578233277409,1.3116816282272339,0.042015329003334045
/homes/lkgyammerah/Molecular_Dynamics_analysis/trajectories/ros1_prepared_final/G1971E/2,G1971E,2,1.682055950164795,0.06880833953619003,1.6367287635803223,0.08916349709033966,0.662017349889437,1.32988440990448,0.05270064249634743
/homes/lkgyammerah/Molecular_Dynamics_analysis/trajectories/ros1_prepared_final/G2032K/0,G2032K,0,1.6613982915878296,0.07029478996992111,1.5756840705871582,0.06656195223331451,0.49345065493450657,1.3069827556610107,0.04665055498480797
/homes/lkgyammerah/Molecular_Dynamics_analysis/trajectories/ros1_prepared_final/G2032K/1,G2032K,1,1.649407148361206,0.058664653450250626,1.5722954273223877,0.049876850098371506,0.4496050321825629,1.3118022680282593,0.03965497389435768
/homes/lkgyammerah/Molecular_Dynamics_analysis/trajectories/ros1_prepared_final/G2032K/2,G2032K,2,1.7107456922531128,0.06544682383537292,1.6050727367401123,0.07134320586919785,0.7333831217326363,1.3117786645889282,0.04396701604127884
/homes/lkgyammerah/Molecular_Dynamics_analysis/trajectories/ros1_prepared_final/G2032R/0,G2032R,0,1.6638911962509155,0.0677485391497612,1.5629178285598755,0.09539856761693954,0.5274472552744726,1.3046451807022095,0.05227174609899521
/homes/lkgyammerah/Molecular_Dynamics_analysis/trajectories/ros1_prepared_final/G2032R/1,G2032R,1,1.6727219820022583,0.07443906366825104,1.5876052379608154,0.12368038296699524,0.6306609995603107,1.32793390750885,0.041577354073524475
/homes/lkgyammerah/Molecular_Dynamics_analysis/trajectories/ros1_prepared_final/G2032R/2,G2032R,2,1.7329035997390747,0.06136230751872063,1.658866047859192,0.07227539271116257,0.886117136659436,1.3363239765167236,0.05132724717259407
/homes/lkgyammerah/Molecular_Dynamics_analysis/trajectories/ros1_prepared_final/G2048A_NC/0,G2048A_NC,0,1.738283395767212,0.08529285341501236,1.785836100578308,0.10184453427791595,0.9545045495450455,1.3815395832061768,0.045665279030799866
/homes/lkgyammerah/Molecular_Dynamics_analysis/trajectories/ros1_prepared_final/G2048A_NC/1,G2048A_NC,1,1.6110526323318481,0.0800568237900734,1.475292682647705,0.0796322450041771,0.5488067682975497,1.333396553993225,0.050196535885334015
/homes/lkgyammerah/Molecular_Dynamics_analysis/trajectories/ros1_prepared_final/G2048A_NC/2,G2048A_NC,2,1.837259292602539,0.10135676711797714,1.6536930799484253,0.18138711154460907,0.9851124485270827,1.3129348754882812,0.08119146525859833
/homes/lkgyammerah/Molecular_Dynamics_analysis/trajectories/ros1_prepared_final/G2101A/0,G2101A,0,1.7250702381134033,0.1077716127038002,1.6843174695968628,0.09761074185371399,0.8243175682431757,1.3541001081466675,0.06396490335464478
/homes/lkgyammerah/Molecular_Dynamics_analysis/trajectories/ros1_prepared_final/G2101A/1,G2101A,1,1.7450675964355469,0.09855499863624573,1.642897367477417,0.0919504463672638,0.7933482810164425,1.3120454549789429,0.049301620572805405
/homes/lkgyammerah/Molecular_Dynamics_analysis/trajectories/ros1_prepared_final/G2101A/2,G2101A,2,1.7406001091003418,0.10335654020309448,1.7700321674346924,0.12298833578824997,0.8743158717748241,1.3557887077331543,0.058753110468387604
/homes/lkgyammerah/Molecular_Dynamics_analysis/trajectories/ros1_prepared_final/H1999Q_NC/0,H1999Q_NC,0,1.7150380611419678,0.0985407903790474,1.6841192245483398,0.11024948954582214,0.8195180481951805,1.3641386032104492,0.05697086453437805
/homes/lkgyammerah/Molecular_Dynamics_analysis/trajectories/ros1_prepared_final/H1999Q_NC/1,H1999Q_NC,1,1.7040919065475464,0.09861865639686584,1.5888214111328125,0.09480644762516022,0.6598889555822329,1.2995882034301758,0.053876250982284546
/homes/lkgyammerah/Molecular_Dynamics_analysis/trajectories/ros1_prepared_final/H1999Q_NC/2,H1999Q_NC,2,1.7767159938812256,0.11494329571723938,1.7190163135528564,0.12153573334217072,0.8171768707482994,1.3303614854812622,0.05350904166698456
/homes/lkgyammerah/Molecular_Dynamics_analysis/trajectories/ros1_prepared_final/L1947R/0,L1947R,0,1.661585807800293,0.11755964159965515,1.7101192474365234,0.07886593043804169,0.8981101889811018,1.3831448554992676,0.05163542926311493
/homes/lkgyammerah/Molecular_Dynamics_analysis/trajectories/ros1_prepared_final/L1947R/1,L1947R,1,1.6290619373321533,0.13024087250232697,1.6195790767669678,0.13586033880710602,0.8055433669738189,1.3738207817077637,0.055051613599061966
/homes/lkgyammerah/Molecular_Dynamics_analysis/trajectories/ros1_prepared_final/L1947R/2,L1947R,2,1.6770505905151367,0.11332260072231293,1.6255322694778442,0.09389861673116684,0.6305605786618445,1.322892665863037,0.049805451184511185
/homes/lkgyammerah/Molecular_Dynamics_analysis/trajectories/ros1_prepared_final/L1951R/0,L1951R,0,1.5791672468185425,0.18452034890651703,1.659450888633728,0.11757323145866394,0.7345265473452655,1.3619651794433594,0.06252431124448776
/homes/lkgyammerah/Molecular_Dynamics_analysis/trajectories/ros1_prepared_final/L1951R/1,L1951R,1,1.6823431253433228,0.1108626052737236,1.6818920373916626,0.10576706379652023,0.7241379310344828,1.3426663875579834,0.056927651166915894
/homes/lkgyammerah/Molecular_Dynamics_analysis/trajectories/ros1_prepared_final/L1951R/2,L1951R,2,1.7026731967926025,0.10948021709918976,1.6758641004562378,0.12153435498476028,0.7266110420734955,1.3460496664047241,0.05468262359499931
/homes/lkgyammerah/Molecular_Dynamics_analysis/trajectories/ros1_prepared_final/L1982F/0,L1982F,0,1.603500247001648,0.15219126641750336,1.6345573663711548,0.11291830241680145,0.8565143485651435,1.3824878931045532,0.051942773163318634
/homes/lkgyammerah/Molecular_Dynamics_analysis/trajectories/ros1_prepared_final/L1982F/1,L1982F,1,1.7119011878967285,0.09388096630573273,1.7200572490692139,0.1214226558804512,0.9379548628978902,1.3855314254760742,0.052827730774879456
/homes/lkgyammerah/Molecular_Dynamics_analysis/trajectories/ros1_prepared_final/L1982F/2,L1982F,2,1.7176759243011475,0.08685824275016785,1.7537760734558105,0.11380980163812637,0.9282108805384184,1.3947665691375732,0.052798155695199966
/homes/lkgyammerah/Molecular_Dynamics_analysis/trajectories/ros1_prepared_final/L1982V/0,L1982V,0,1.681212306022644,0.11022172123193741,1.5836491584777832,0.06447561085224152,0.6246375362463754,1.2988461256027222,0.043910760432481766
/homes/lkgyammerah/Molecular_Dynamics_analysis/trajectories/ros1_prepared_final/L1982V/1,L1982V,1,1.7264872789382935,0.1056513637304306,1.6362030506134033,0.09098979830741882,0.7805663276505451,1.332497239112854,0.05503686144948006
/homes/lkgyammerah/Molecular_Dynamics_analysis/trajectories/ros1_prepared_final/L1982V/2,L1982V,2,1.747377872467041,0.11304685473442078,1.734032154083252,0.1060497835278511,0.8973398276508056,1.3760693073272705,0.04814824089407921
/homes/lkgyammerah/Molecular_Dynamics_analysis/trajectories/ros1_prepared_final/L2010M/0,L2010M,0,1.7070726156234741,0.11401422321796417,1.6677839756011963,0.10986635088920593,0.7318268173182682,1.3350509405136108,0.055172670632600784
/homes/lkgyammerah/Molecular_Dynamics_analysis/trajectories/ros1_prepared_final/L2010M/1,L2010M,1,1.5412296056747437,0.07933955639600754,1.5790901184082031,0.06295933574438095,0.33800543039553826,1.3148081302642822,0.0548468753695488
/homes/lkgyammerah/Molecular_Dynamics_analysis/trajectories/ros1_prepared_final/L2010M/2,L2010M,2,1.7571130990982056,0.11417768895626068,1.6562155485153198,0.1256881058216095,0.7486268766019772,1.312889575958252,0.05049711465835571
/homes/lkgyammerah/Molecular_Dynamics_analysis/trajectories/ros1_prepared_final/L2026M/0,L2026M,0,1.6330534219741821,0.130196675658226,1.6448431015014648,0.11185145378112793,0.6227377262273772,1.3461517095565796,0.06177198514342308
/homes/lkgyammerah/Molecular_Dynamics_analysis/trajectories/ros1_prepared_final/L2026M/1,L2026M,1,1.6973122358322144,0.10115442425012589,1.6037216186523438,0.09798020124435425,0.6054386865059005,1.3065085411071777,0.05227997153997421
/homes/lkgyammerah/Molecular_Dynamics_analysis/trajectories/ros1_prepared_final/L2026M/2,L2026M,2,1.6968576908111572,0.08380459249019623,1.7134591341018677,0.09247596561908722,0.8039327987781596,1.3515875339508057,0.05797955021262169
/homes/lkgyammerah/Molecular_Dynamics_analysis/trajectories/ros1_prepared_final/L2053V_NC/0,L2053V_NC,0,1.7406421899795532,0.09440969675779343,1.798074722290039,0.11698870360851288,0.9142085791420858,1.3778334856033325,0.05200294032692909
/homes/lkgyammerah/Molecular_Dynamics_analysis/trajectories/ros1_prepared_final/L2053V_NC/1,L2053V_NC,1,1.7206470966339111,0.11701364070177078,1.7129478454589844,0.10469038784503937,0.8195164706741656,1.346790075302124,0.05037848278880119
/homes/lkgyammerah/Molecular_Dynamics_analysis/trajectories/ros1_prepared_final/L2053V_NC/2,L2053V_NC,2,1.5837105512619019,0.11126193404197693,1.6146489381790161,0.06941363215446472,0.5490999821778649,1.331592082977295,0.042670175433158875
/homes/lkgyammerah/Molecular_Dynamics_analysis/trajectories/ros1_prepared_final/L2086F/0,L2086F,0,1.6355465650558472,0.14921331405639648,1.5973671674728394,0.09643993526697159,0.7496250374962504,1.3448493480682373,0.06325943022966385
/homes/lkgyammerah/Molecular_Dynamics_analysis/trajectories/ros1_prepared_final/L2086F/1,L2086F,1,1.7581641674041748,0.1071905866265297,1.6612805128097534,0.17884118854999542,0.9327350988545998,1.3324652910232544,0.08578713983297348
/homes/lkgyammerah/Molecular_Dynamics_analysis/trajectories/ros1_prepared_final/L2086F/2,L2086F,2,1.6859298944473267,0.08710252493619919,1.5973657369613647,0.077493816614151,0.5794014084507042,1.310162901878357,0.04746624082326889
/homes/lkgyammerah/Molecular_Dynamics_analysis/trajectories/ros1_prepared_final/L2155S/0,L2155S,0,1.726462483406067,0.1157245859503746,1.6970652341842651,0.10161435604095459,0.8084191580841916,1.3564399480819702,0.054825179278850555
/homes/lkgyammerah/Molecular_Dynamics_analysis/trajectories/ros1_prepared_final/L2155S/1,L2155S,1,1.6032707691192627,0.11162293702363968,1.6160911321640015,0.08929120749235153,0.5918187816142512,1.3409723043441772,0.05361885204911232
/homes/lkgyammerah/Molecular_Dynamics_analysis/trajectories/ros1_prepared_final/L2155S/2,L2155S,2,1.5866730213165283,0.11524641513824463,1.6233025789260864,0.08351175487041473,0.6096634093376765,1.3456432819366455,0.046095967292785645
/homes/lkgyammerah/Molecular_Dynamics_analysis/trajectories/ros1_prepared_final/Q2022P/0,Q2022P,0,1.6249974966049194,0.10096269100904465,1.4978621006011963,0.07854343950748444,0.5221477852214779,1.3105446100234985,0.05253686383366585
/homes/lkgyammerah/Molecular_Dynamics_analysis/trajectories/ros1_prepared_final/Q2022P/1,Q2022P,1,1.6502463817596436,0.07329979538917542,1.4931153059005737,0.10202682018280029,0.5690706853247219,1.3222702741622925,0.05221748352050781
/homes/lkgyammerah/Molecular_Dynamics_analysis/trajectories/ros1_prepared_final/Q2022P/2,Q2022P,2,1.6341513395309448,0.08745697885751724,1.6459170579910278,0.10435421764850616,0.8618226171806935,1.387951374053955,0.05239289253950119
/homes/lkgyammerah/Molecular_Dynamics_analysis/trajectories/ros1_prepared_final/Q2022P_S1986F/0,Q2022P_S1986F,0,1.656514048576355,0.07539937645196915,1.531650185585022,0.08935429900884628,0.47295270472952705,1.3045527935028076,0.044306229799985886
/homes/lkgyammerah/Molecular_Dynamics_analysis/trajectories/ros1_prepared_final/Q2022P_S1986F/1,Q2022P_S1986F,1,1.6617426872253418,0.0807175263762474,1.5225661993026733,0.08864202350378036,0.6560164709470795,1.335186243057251,0.05863811448216438
/homes/lkgyammerah/Molecular_Dynamics_analysis/trajectories/ros1_prepared_final/Q2022P_S1986F/2,Q2022P_S1986F,2,1.6413830518722534,0.10017304867506027,1.5703846216201782,0.07647088915109634,0.6645004061738424,1.3373973369598389,0.0505015030503273
/homes/lkgyammerah/Molecular_Dynamics_analysis/trajectories/ros1_prepared_final/Q2022P_S1986Y/0,Q2022P_S1986Y,0,1.59421968460083,0.09538643807172775,1.560834288597107,0.08736267685890198,0.7861213878612139,1.369428038597107,0.051619380712509155
/homes/lkgyammerah/Molecular_Dynamics_analysis/trajectories/ros1_prepared_final/Q2022P_S1986Y/1,Q2022P_S1986Y,1,1.6232099533081055,0.06584712862968445,1.5789175033569336,0.06817974895238876,0.3571740713765477,1.3064594268798828,0.04467737302184105
/homes/lkgyammerah/Molecular_Dynamics_analysis/trajectories/ros1_prepared_final/Q2022P_S1986Y/2,Q2022P_S1986Y,2,1.6246650218963623,0.10969655215740204,1.5396435260772705,0.09394661337137222,0.689208128941836,1.336234211921692,0.07031693309545517
/homes/lkgyammerah/Molecular_Dynamics_analysis/trajectories/ros1_prepared_final/R2078K/0,R2078K,0,1.7432770729064941,0.120975062251091,1.7423429489135742,0.10972321033477783,0.941005899410059,1.3676340579986572,0.05283423140645027
/homes/lkgyammerah/Molecular_Dynamics_analysis/trajectories/ros1_prepared_final/R2078K/1,R2078K,1,1.7036687135696411,0.1061118096113205,1.6726036071777344,0.09081794321537018,0.8502212555313883,1.348625898361206,0.05637524649500847
/homes/lkgyammerah/Molecular_Dynamics_analysis/trajectories/ros1_prepared_final/R2078K/2,R2078K,2,1.7758166790008545,0.09134567528963089,1.7852654457092285,0.10448334366083145,0.9783181357649443,1.3919029235839844,0.047537386417388916
/homes/lkgyammerah/Molecular_Dynamics_analysis/trajectories/ros1_prepared_final/S1986F/0,S1986F,0,1.6988506317138672,0.08294294774532318,1.7011207342147827,0.09656134247779846,0.8747125287471252,1.371806025505066,0.0542975552380085
/homes/lkgyammerah/Molecular_Dynamics_analysis/trajectories/ros1_prepared_final/S1986F/1,S1986F,1,1.6687397956848145,0.11463015526533127,1.6728955507278442,0.1044267937541008,0.8383823529411765,1.367125153541565,0.04645126312971115
/homes/lkgyammerah/Molecular_Dynamics_analysis/trajectories/ros1_prepared_final/S1986F/2,S1986F,2,1.5862691402435303,0.1063586100935936,1.5779659748077393,0.09608259052038193,0.26621787025703797,1.3002104759216309,0.05341525375843048
/homes/lkgyammerah/Molecular_Dynamics_analysis/trajectories/ros1_prepared_final/S1986Y/0,S1986Y,0,1.730277180671692,0.10873311012983322,1.754673719406128,0.10968832671642303,0.9212078792120788,1.3832964897155762,0.053156208246946335
/homes/lkgyammerah/Molecular_Dynamics_analysis/trajectories/ros1_prepared_final/S1986Y/1,S1986Y,1,1.7093477249145508,0.13414329290390015,1.6752047538757324,0.109909288585186,0.9137607799025121,1.367010235786438,0.07111763954162598
/homes/lkgyammerah/Molecular_Dynamics_analysis/trajectories/ros1_prepared_final/S1986Y/2,S1986Y,2,1.8065141439437866,0.09186121821403503,1.8116461038589478,0.08825911581516266,0.9783838383838384,1.3753777742385864,0.04846017062664032
/homes/lkgyammerah/Molecular_Dynamics_analysis/trajectories/ros1_prepared_final/V2089M/0,V2089M,0,1.7561228275299072,0.08584027737379074,1.786810040473938,0.09646239876747131,0.9558044195580442,1.3805025815963745,0.05145182088017464
/homes/lkgyammerah/Molecular_Dynamics_analysis/trajectories/ros1_prepared_final/V2089M/1,V2089M,1,1.671532154083252,0.08910997211933136,1.5954266786575317,0.0972997322678566,0.5782231528567155,1.3232077360153198,0.05379481613636017
/homes/lkgyammerah/Molecular_Dynamics_analysis/trajectories/ros1_prepared_final/V2089M/2,V2089M,2,1.6997886896133423,0.06865300983190536,1.475385308265686,0.0668414756655693,0.6741273100616016,1.2893253564834595,0.05276160687208176
/homes/lkgyammerah/Molecular_Dynamics_analysis/trajectories/ros1_prepared_final/V2098I/0,V2098I,0,1.6595075130462646,0.10299231112003326,1.6321741342544556,0.1306740939617157,0.7130286971302869,1.349287748336792,0.06423041969537735
/homes/lkgyammerah/Molecular_Dynamics_analysis/trajectories/ros1_prepared_final/V2098I/1,V2098I,1,1.7990254163742065,0.08289113640785217,1.7737095355987549,0.09756457060575485,0.9697459245116757,1.353288173675537,0.04875827208161354
/homes/lkgyammerah/Molecular_Dynamics_analysis/trajectories/ros1_prepared_final/V2098I/2,V2098I,2,1.585805058479309,0.09411076456308365,1.6026816368103027,0.05856550112366676,0.5091109884041966,1.3300037384033203,0.04560363292694092
/homes/lkgyammerah/Molecular_Dynamics_analysis/trajectories/ros1_prepared_final/WT/0,WT,0,1.753726601600647,0.1404530555009842,1.6758671998977661,0.10088013857603073,0.917008299170083,1.3413294553756714,0.05545662343502045
/homes/lkgyammerah/Molecular_Dynamics_analysis/trajectories/ros1_prepared_final/WT/1,WT,1,1.7403454780578613,0.08690609782934189,1.6598700284957886,0.08629024773836136,0.8294619229638341,1.3149526119232178,0.05240775644779205
/homes/lkgyammerah/Molecular_Dynamics_analysis/trajectories/ros1_prepared_final/WT/2,WT,2,1.700711727142334,0.1313573569059372,1.6188966035842896,0.12140491604804993,0.6755946432140716,1.3126940727233887,0.0474860817193985
