pair,PC,LD1_weight
Q2022P_vs_Q2022P_S1986F,PC01,0.4444578750951791
Q2022P_vs_Q2022P_S1986F,PC02,-0.3696687655179441
Q2022P_vs_Q2022P_S1986F,PC03,-0.795216600127786
Q2022P_vs_Q2022P_S1986F,PC04,0.023905350678299648
Q2022P_vs_Q2022P_S1986F,PC05,-0.135905235985174
Q2022P_vs_Q2022P_S1986F,PC06,-0.11996274833582227
Q2022P_vs_Q2022P_S1986Y,PC01,-0.4437712722222633
Q2022P_vs_Q2022P_S1986Y,PC02,0.19324129156335335
Q2022P_vs_Q2022P_S1986Y,PC03,0.5337888132191951
Q2022P_vs_Q2022P_S1986Y,PC04,-0.2832332037051763
Q2022P_vs_Q2022P_S1986Y,PC05,0.632906463177539
Q2022P_vs_Q2022P_S1986Y,PC06,-0.0016508343965287132
Q2022P_S1986F_vs_Q2022P_S1986Y,PC01,-0.3507080606900034
Q2022P_S1986F_vs_Q2022P_S1986Y,PC02,0.3407264546312615
Q2022P_S1986F_vs_Q2022P_S1986Y,PC03,0.7222683330928817
Q2022P_S1986F_vs_Q2022P_S1986Y,PC04,0.008416892939291248
Q2022P_S1986F_vs_Q2022P_S1986Y,PC05,-0.26333288164705604
Q2022P_S1986F_vs_Q2022P_S1986Y,PC06,0.41209555160108674
