variant,ligand,n,median,mean,std,min,max,q25,q75
Q2022P,cabozantinib,16,-9.767,-9.6961875,0.8639769455836189,-11.225,-8.214,-10.25625,-8.963750000000001
Q2022P,ceritinib,16,-9.340499999999999,-9.0263125,0.9284299807560433,-10.403,-7.319,-9.797,-8.3065
Q2022P,crizotinib,16,-8.6445,-8.347625,1.0435760873074849,-9.751,-6.703,-9.030249999999999,-7.445
Q2022P,lorlatinib,16,-7.575,-7.6048124999999995,0.925891010054639,-9.043,-6.017,-8.2515,-6.88975
Q2022P,repotrectinib,16,-7.5555,-7.408625,0.8682345209293013,-8.837,-5.724,-7.86975,-6.9785
Q2022P,zidesamtinib,16,-12.329,-11.8943125,1.230916662153318,-13.304,-9.459,-12.74475,-11.52175
Q2022P_S1986F,cabozantinib,16,-9.7475,-9.8951875,0.6690299663193968,-11.212,-8.748,-10.245249999999999,-9.48575
Q2022P_S1986F,ceritinib,16,-9.3855,-9.1645,0.9817173388166945,-11.113,-6.803,-9.59225,-8.775749999999999
Q2022P_S1986F,crizotinib,16,-8.697,-8.74825,0.8685385809891616,-10.51,-7.214,-9.06875,-8.261
Q2022P_S1986F,lorlatinib,16,-7.8015,-7.9064375,0.7905186456793204,-9.361,-6.548,-8.388,-7.565250000000001
Q2022P_S1986F,repotrectinib,16,-7.426500000000001,-7.3444375,0.6582423027781386,-8.546,-6.26,-7.743,-6.8175
Q2022P_S1986F,zidesamtinib,16,-11.873000000000001,-12.1461875,0.9863257216389864,-13.66,-10.7,-12.96075,-11.5565
S1986F,cabozantinib,16,-9.486,-9.62875,0.5842069838678752,-10.977,-8.921,-9.98475,-9.22325
S1986F,ceritinib,16,-9.124,-9.0773125,0.6600622918836273,-10.241,-8.104,-9.407250000000001,-8.453750000000001
S1986F,crizotinib,16,-8.1055,-8.15525,0.5004241534272035,-9.2,-7.259,-8.567499999999999,-7.8905
S1986F,lorlatinib,16,-7.718999999999999,-7.7165,0.6207013237728217,-8.759,-6.551,-8.25225,-7.238250000000001
S1986F,repotrectinib,16,-7.0255,-7.091625,1.0061333162160966,-9.196,-5.509,-7.47775,-6.59375
S1986F,zidesamtinib,16,-11.639,-11.6126875,1.1524743073781154,-14.341,-9.532,-12.19275,-10.8205
WT,cabozantinib,16,-9.794,-9.7104375,0.4581012942934491,-10.488,-8.956,-9.93825,-9.41
WT,ceritinib,16,-9.3845,-9.3843125,0.6588413788614066,-10.495,-8.018,-9.69775,-9.1965
WT,crizotinib,16,-8.6125,-8.5005625,0.7160000902001804,-9.513,-6.623,-9.06875,-8.1195
WT,lorlatinib,16,-8.096499999999999,-8.068875,0.7208809309911494,-9.565,-6.781,-8.42625,-7.7905
WT,repotrectinib,16,-7.182,-7.0209375000000005,0.6978004938137164,-7.858,-5.458,-7.492,-6.773
WT,zidesamtinib,16,-11.8345,-11.6274375,0.9248790168629267,-12.778,-9.735,-12.2835,-11.238
