mutant,pocket_front_mean,pocket_front_std,pocket_dfg_mean,pocket_dfg_std,pocket_open_frac,gate_dfgF_mean,gate_dfgF_std
S1986Y,1.7487130165100098,0.11157920708258946,1.747174859046936,0.10261891037225723,0.9377841658328098,1.3752281665802002,0.05757800613840421
E2131Q,1.7289404074350994,0.09664273013671239,1.7173257271448772,0.10149546960989635,0.9292445643231542,1.3730846246083577,0.05534266804655393
R2078K,1.7409208218256633,0.10614418238401413,1.733404000600179,0.10167483240365982,0.9231817635687971,1.3693876266479492,0.05224895477294922
L1982F,1.677692453066508,0.11097682515780131,1.7027968962987263,0.11605025331179301,0.9075600306671507,1.387595295906067,0.05252288654446602
C2060G,1.72217857837677,0.09820601840813954,1.6893893082936604,0.0994323194026947,0.847283242529814,1.3509608109792073,0.055130306631326675
G2101A,1.7369126478830974,0.1032277171810468,1.699082334836324,0.10418317466974258,0.8306605736781475,1.3406447569529216,0.05733987813194593
G2048A_NC,1.728865106900533,0.08890214810768764,1.6382739543914795,0.12095463027556737,0.8294745887898927,1.3426236708958943,0.05901776005824407
WT,1.7315946022669475,0.11957217007875443,1.6515446106592815,0.10285843412081401,0.8073549551159962,1.3229920466740925,0.051783487200737
F2004V,1.701769749323527,0.06494198491175969,1.6490221818288167,0.08372075855731964,0.8071338317056865,1.3350502649943035,0.04808599377671877
D2033N,1.7062689463297527,0.08689856032530467,1.6553375323613484,0.11018103361129761,0.7985513666268439,1.3555798530578613,0.05758640915155411
F2075V,1.6876804828643799,0.07277257988850276,1.655096968015035,0.09207588185866673,0.7859290936153097,1.3565399646759033,0.05202419434984525
L1947R,1.655899445215861,0.12037437160809834,1.6517435312271118,0.10287496199210484,0.7780713782055884,1.3599527676900227,0.05216416468222936
E2020K,1.6775565544764202,0.09983179966608684,1.625647743542989,0.09179835269848506,0.7675358998726242,1.3673264185587566,0.057403081407149635
L1982V,1.718359152475993,0.1096399798989296,1.6512947877248128,0.08717173089583714,0.7675145638492421,1.3358042240142822,0.049031954258680344
H1999Q_NC,1.7319486538569133,0.10403424749771754,1.6639856497446697,0.10886389017105103,0.7655279581752376,1.3313627640406291,0.054785385727882385
E1990G,1.6795552968978882,0.07270637651284535,1.6221791903177898,0.09108247607946396,0.7654458248152741,1.3488226334253948,0.05283881972233454
L2053V_NC,1.681666612625122,0.10756175716718037,1.70855716864268,0.09703090786933899,0.7609416773313721,1.3520718812942505,0.04835053284962972
L2086F,1.6932135423024495,0.1145021418730418,1.618671139081319,0.11759164681037267,0.7539205149338515,1.329159180323283,0.06550427029530208
V2089M,1.7091478904088337,0.08120108644167583,1.6192073424657185,0.08686786890029907,0.7360516274921204,1.3310118913650513,0.052669414629538856
V2098I,1.6814459959665935,0.09333140403032303,1.6695217688878377,0.09560138856371243,0.7306285366820532,1.3441932201385498,0.052864108234643936
L1951R,1.654727856318156,0.1349543904264768,1.6724023421605427,0.11495821674664815,0.7284251734844146,1.3502270778020222,0.05804486200213432
G2032R,1.6898389259974163,0.06784997011224429,1.6031297047932942,0.09711811443169911,0.6814084638314064,1.3229676882425945,0.04839211578170458
L2026M,1.6757411162058513,0.10505189746618271,1.6540079514185588,0.10076920688152313,0.6773697371704791,1.3347492615381877,0.057343835632006325
F2004L,1.6876460711161296,0.06488966320951779,1.6392882664998372,0.0777784138917923,0.6762328716541294,1.33506445089976,0.049758334954579674
L2155S,1.6388020912806194,0.11419797937075298,1.645486315091451,0.09147243946790695,0.6699671163453731,1.347685178120931,0.05151333287358284
S1986F,1.651286522547404,0.10131057103474934,1.650660753250122,0.09902357558409373,0.6597709173151133,1.3463805516560872,0.05138802404205004
Q2022P,1.636465072631836,0.08723982175191243,1.5456314881642659,0.09497482577959697,0.6510136959089644,1.3402554194132488,0.05238241329789162
D1988N,1.6570950746536255,0.10539177060127258,1.6585169235865276,0.10700963189204533,0.6499172652046,1.3380747238794963,0.056085399041573204
G1971E,1.6826541423797607,0.07848812888065974,1.6266696850458782,0.08794995894034703,0.6449319570491283,1.3266039689381917,0.04733454311887423
E1935G,1.6894222497940063,0.07037653028964996,1.5812066793441772,0.07308726757764816,0.6155368177877251,1.3056306044260662,0.044566236436367035
Q2022P_S1986Y,1.6140315532684326,0.09031003961960475,1.5597984393437703,0.08316301306088765,0.6108345293931993,1.3373738924662273,0.05553789560993513
L2010M,1.6684717734654744,0.1025104895234108,1.6343632141749065,0.09950459748506546,0.6061530414385946,1.320916215578715,0.05350555355350176
Q2022P_S1986F,1.6532132625579834,0.08542998383442561,1.5415336688359578,0.08482240388790767,0.5978231939501496,1.3257121245066326,0.05114861577749252
F2004C,1.6620546976725261,0.08782151093085606,1.524310032526652,0.08707096924384435,0.5656519806727573,1.3036576112111409,0.05727666119734446
G2032K,1.673850377400716,0.06480208908518155,1.5843507448832195,0.06259400273362796,0.5588129362832353,1.3101878960927327,0.04342418164014816
D2113N,1.5946285327275593,0.06725490589936574,1.597146471341451,0.06780161584417026,0.5277545759445933,1.33320418993632,0.04612994069854418
D2113G,1.6485934654871623,0.07672469442089398,1.5900771617889404,0.07984323923786481,0.5192322690724843,1.3202327887217205,0.04683317616581917
G1957A,1.6357624530792236,0.07571207483609517,1.5800265471140544,0.07707432409127553,0.48853508508042826,1.315578579902649,0.049376700073480606
