mutant,LD1,comparison
Q2022P,0.011412003740423842,WT_vs_Q2022P
Q2022P,0.011859227589817048,WT_vs_Q2022P
Q2022P,0.011751517883587826,WT_vs_Q2022P
WT,-0.006962506815452255,WT_vs_Q2022P
WT,-0.00681905878570276,WT_vs_Q2022P
WT,-0.006308969645869703,WT_vs_Q2022P
Q2022P_S1986F,-0.002301218329175515,WT_vs_Q2022P_S1986F
Q2022P_S1986F,-0.002111666483877591,WT_vs_Q2022P_S1986F
Q2022P_S1986F,-0.0017666525138220921,WT_vs_Q2022P_S1986F
WT,-0.01646921571793939,WT_vs_Q2022P_S1986F
WT,-0.0164483674334743,WT_vs_Q2022P_S1986F
WT,-0.015909037157394283,WT_vs_Q2022P_S1986F
Q2022P_S1986Y,0.017288794266040745,WT_vs_Q2022P_S1986Y
Q2022P_S1986Y,0.01719324336808455,WT_vs_Q2022P_S1986Y
Q2022P_S1986Y,0.017241437836907608,WT_vs_Q2022P_S1986Y
WT,-0.001966181465349444,WT_vs_Q2022P_S1986Y
WT,-0.001913099778620854,WT_vs_Q2022P_S1986Y
WT,-0.0014158383249703167,WT_vs_Q2022P_S1986Y
