mutant,ligand,affinity_kcal_mol
Q2022P,ceritinib,-10.41
WT,ceritinib,-8.776
Q2022P_S1986Y,ceritinib,-6.813
Q2022P_S1986F,ceritinib,-6.217
S1986F,ceritinib,-4.508
WT,crizotinib,-8.798
Q2022P,crizotinib,-8.524
Q2022P_S1986F,crizotinib,-6.353
Q2022P_S1986Y,crizotinib,-5.632
S1986F,crizotinib,-1.395
Q2022P,lorlatinib,-8.538
WT,lorlatinib,-7.434
Q2022P_S1986Y,lorlatinib,-6.394
Q2022P_S1986F,lorlatinib,-6.13
S1986F,lorlatinib,18.23
Q2022P,repotrectinib,-8.429
WT,repotrectinib,-7.045
Q2022P_S1986F,repotrectinib,-4.187
Q2022P_S1986Y,repotrectinib,-4.011
S1986F,repotrectinib,-3.103
Q2022P,zidesamtinib,-13.26
WT,zidesamtinib,-11.06
Q2022P_S1986F,zidesamtinib,-7.842
Q2022P_S1986Y,zidesamtinib,-7.493
S1986F,zidesamtinib,-7.331
