trajectory,mutant,replica,dfg_state_frac1,dfg_chi1_deg_mean
/homes/lkgyammerah/Molecular_Dynamics_analysis/trajectories/ros1_prepared_final/C2060G/0,C2060G,0,0.6496674057649667,-63.71573094351971
/homes/lkgyammerah/Molecular_Dynamics_analysis/trajectories/ros1_prepared_final/C2060G/1,C2060G,1,0.6762749445676275,-63.7685141891175
/homes/lkgyammerah/Molecular_Dynamics_analysis/trajectories/ros1_prepared_final/C2060G/2,C2060G,2,0.43839087741526767,-69.78154695974258
/homes/lkgyammerah/Molecular_Dynamics_analysis/trajectories/ros1_prepared_final/D1988N/0,D1988N,0,0.26259106746911626,-73.04690818557039
/homes/lkgyammerah/Molecular_Dynamics_analysis/trajectories/ros1_prepared_final/D1988N/1,D1988N,1,0.35666772252138107,-72.18443119809112
/homes/lkgyammerah/Molecular_Dynamics_analysis/trajectories/ros1_prepared_final/D1988N/2,D1988N,2,0.5796642382008236,-65.21435017112995
/homes/lkgyammerah/Molecular_Dynamics_analysis/trajectories/ros1_prepared_final/D2033N/0,D2033N,0,0.5505226480836237,-65.47435252939103
/homes/lkgyammerah/Molecular_Dynamics_analysis/trajectories/ros1_prepared_final/D2033N/1,D2033N,1,0.6664554957237884,-63.32082205872993
/homes/lkgyammerah/Molecular_Dynamics_analysis/trajectories/ros1_prepared_final/D2033N/2,D2033N,2,0.549889135254989,-65.88465946295385
/homes/lkgyammerah/Molecular_Dynamics_analysis/trajectories/ros1_prepared_final/D2113G/0,D2113G,0,0.6886284447260057,-62.93877783054259
/homes/lkgyammerah/Molecular_Dynamics_analysis/trajectories/ros1_prepared_final/D2113G/1,D2113G,1,0.5758631612290149,-68.10626423098371
/homes/lkgyammerah/Molecular_Dynamics_analysis/trajectories/ros1_prepared_final/D2113G/2,D2113G,2,0.4250871080139373,-74.4264136251861
/homes/lkgyammerah/Molecular_Dynamics_analysis/trajectories/ros1_prepared_final/D2113N/0,D2113N,0,0.6705733291099145,-63.13874295077295
/homes/lkgyammerah/Molecular_Dynamics_analysis/trajectories/ros1_prepared_final/D2113N/1,D2113N,1,0.608489071903706,-65.73084747500536
/homes/lkgyammerah/Molecular_Dynamics_analysis/trajectories/ros1_prepared_final/D2113N/2,D2113N,2,0.48843839087741525,-67.31082228146137
/homes/lkgyammerah/Molecular_Dynamics_analysis/trajectories/ros1_prepared_final/E1935G/0,E1935G,0,0.45391194171681976,-71.24628766397906
/homes/lkgyammerah/Molecular_Dynamics_analysis/trajectories/ros1_prepared_final/E1935G/1,E1935G,1,0.36648717136522013,-73.06649602588536
/homes/lkgyammerah/Molecular_Dynamics_analysis/trajectories/ros1_prepared_final/E1935G/2,E1935G,2,0.5951853025023757,-66.2085943805065
/homes/lkgyammerah/Molecular_Dynamics_analysis/trajectories/ros1_prepared_final/E1990G/0,E1990G,0,0.5631929046563193,-65.15582848501462
/homes/lkgyammerah/Molecular_Dynamics_analysis/trajectories/ros1_prepared_final/E1990G/1,E1990G,1,0.4098828001267026,-75.58823999906969
/homes/lkgyammerah/Molecular_Dynamics_analysis/trajectories/ros1_prepared_final/E1990G/2,E1990G,2,0.6398479569211276,-64.50413163372109
/homes/lkgyammerah/Molecular_Dynamics_analysis/trajectories/ros1_prepared_final/E2020K/0,E2020K,0,0.30313588850174217,-72.23686560158643
/homes/lkgyammerah/Molecular_Dynamics_analysis/trajectories/ros1_prepared_final/E2020K/1,E2020K,1,0.5802977510294584,-65.52293373400326
/homes/lkgyammerah/Molecular_Dynamics_analysis/trajectories/ros1_prepared_final/E2020K/2,E2020K,2,0.2644916059550206,-74.92446203114
/homes/lkgyammerah/Molecular_Dynamics_analysis/trajectories/ros1_prepared_final/E2131Q/0,E2131Q,0,0.46278112131770666,-67.64618072413099
/homes/lkgyammerah/Molecular_Dynamics_analysis/trajectories/ros1_prepared_final/E2131Q/1,E2131Q,1,0.4681659803611023,-69.39422826069158
/homes/lkgyammerah/Molecular_Dynamics_analysis/trajectories/ros1_prepared_final/E2131Q/2,E2131Q,2,0.7098511244852709,-62.325765177159134
/homes/lkgyammerah/Molecular_Dynamics_analysis/trajectories/ros1_prepared_final/F2004C/0,F2004C,0,0.5635096610706367,-65.80558034759706
/homes/lkgyammerah/Molecular_Dynamics_analysis/trajectories/ros1_prepared_final/F2004C/1,F2004C,1,0.7000316756414318,-62.319265553495875
/homes/lkgyammerah/Molecular_Dynamics_analysis/trajectories/ros1_prepared_final/F2004C/2,F2004C,2,0.6854608805828318,-62.41234047955866
/homes/lkgyammerah/Molecular_Dynamics_analysis/trajectories/ros1_prepared_final/F2004L/0,F2004L,0,0.6445993031358885,-63.881439962982185
/homes/lkgyammerah/Molecular_Dynamics_analysis/trajectories/ros1_prepared_final/F2004L/1,F2004L,1,0.5955020589166931,-65.21216713086993
/homes/lkgyammerah/Molecular_Dynamics_analysis/trajectories/ros1_prepared_final/F2004L/2,F2004L,2,0.47545137789040226,-72.48920623192049
/homes/lkgyammerah/Molecular_Dynamics_analysis/trajectories/ros1_prepared_final/F2004V/0,F2004V,0,0.31612290148875516,-73.14312134115312
/homes/lkgyammerah/Molecular_Dynamics_analysis/trajectories/ros1_prepared_final/F2004V/1,F2004V,1,0.5251821349382325,-66.76804001390991
/homes/lkgyammerah/Molecular_Dynamics_analysis/trajectories/ros1_prepared_final/F2004V/2,F2004V,2,0.5695280329426671,-66.03269066567431
/homes/lkgyammerah/Molecular_Dynamics_analysis/trajectories/ros1_prepared_final/F2075V/0,F2075V,0,0.6537852391510928,-65.38462840706478
/homes/lkgyammerah/Molecular_Dynamics_analysis/trajectories/ros1_prepared_final/F2075V/1,F2075V,1,0.04592968007602154,-131.71402190205112
/homes/lkgyammerah/Molecular_Dynamics_analysis/trajectories/ros1_prepared_final/F2075V/2,F2075V,2,0.5673107380424454,-65.68245491514789
/homes/lkgyammerah/Molecular_Dynamics_analysis/trajectories/ros1_prepared_final/G1957A/0,G1957A,0,0.42223630028508075,-69.16712080937683
/homes/lkgyammerah/Molecular_Dynamics_analysis/trajectories/ros1_prepared_final/G1957A/1,G1957A,1,0.5058599936648717,-67.53063613159354
/homes/lkgyammerah/Molecular_Dynamics_analysis/trajectories/ros1_prepared_final/G1957A/2,G1957A,2,0.4998416217928413,-64.77370953310657
/homes/lkgyammerah/Molecular_Dynamics_analysis/trajectories/ros1_prepared_final/G1971E/0,G1971E,0,0.6442825467215711,-64.62761868636065
/homes/lkgyammerah/Molecular_Dynamics_analysis/trajectories/ros1_prepared_final/G1971E/1,G1971E,1,0.4466265441875198,-71.89105877862688
/homes/lkgyammerah/Molecular_Dynamics_analysis/trajectories/ros1_prepared_final/G1971E/2,G1971E,2,0.45106113398796327,-70.81289343037936
/homes/lkgyammerah/Molecular_Dynamics_analysis/trajectories/ros1_prepared_final/G2032K/0,G2032K,0,0.6575863161229015,-63.505620492422246
/homes/lkgyammerah/Molecular_Dynamics_analysis/trajectories/ros1_prepared_final/G2032K/1,G2032K,1,0.6034209692746278,-66.18741041261408
/homes/lkgyammerah/Molecular_Dynamics_analysis/trajectories/ros1_prepared_final/G2032K/2,G2032K,2,0.2638580931263858,-77.37553174729055
/homes/lkgyammerah/Molecular_Dynamics_analysis/trajectories/ros1_prepared_final/G2032R/0,G2032R,0,0.04497941083306937,-98.95844804451441
/homes/lkgyammerah/Molecular_Dynamics_analysis/trajectories/ros1_prepared_final/G2032R/1,G2032R,1,0.4247703515996199,-72.89326685789759
/homes/lkgyammerah/Molecular_Dynamics_analysis/trajectories/ros1_prepared_final/G2032R/2,G2032R,2,0.5090275578080456,-67.3969308577046
/homes/lkgyammerah/Molecular_Dynamics_analysis/trajectories/ros1_prepared_final/G2048A_NC/0,G2048A_NC,0,0.26892619575546406,-73.39266314369084
/homes/lkgyammerah/Molecular_Dynamics_analysis/trajectories/ros1_prepared_final/G2048A_NC/1,G2048A_NC,1,0.47038327526132406,-66.21935232160664
/homes/lkgyammerah/Molecular_Dynamics_analysis/trajectories/ros1_prepared_final/G2048A_NC/2,G2048A_NC,2,0.466265441875198,-68.71791706592704
/homes/lkgyammerah/Molecular_Dynamics_analysis/trajectories/ros1_prepared_final/G2101A/0,G2101A,0,0.5457713018688628,-64.91359232481726
/homes/lkgyammerah/Molecular_Dynamics_analysis/trajectories/ros1_prepared_final/G2101A/1,G2101A,1,0.38169147925245483,-71.72721301705013
/homes/lkgyammerah/Molecular_Dynamics_analysis/trajectories/ros1_prepared_final/G2101A/2,G2101A,2,0.502058916693063,-66.62108618948027
/homes/lkgyammerah/Molecular_Dynamics_analysis/trajectories/ros1_prepared_final/H1999Q_NC/0,H1999Q_NC,0,0.6420652518213494,-63.7909105614767
/homes/lkgyammerah/Molecular_Dynamics_analysis/trajectories/ros1_prepared_final/H1999Q_NC/1,H1999Q_NC,1,0.40291415901172,-70.51257121823504
/homes/lkgyammerah/Molecular_Dynamics_analysis/trajectories/ros1_prepared_final/H1999Q_NC/2,H1999Q_NC,2,0.36585365853658536,-72.65157630830994
/homes/lkgyammerah/Molecular_Dynamics_analysis/trajectories/ros1_prepared_final/L1947R/0,L1947R,0,0.6737408932530884,-64.16121787166988
/homes/lkgyammerah/Molecular_Dynamics_analysis/trajectories/ros1_prepared_final/L1947R/1,L1947R,1,0.5707950585999366,-65.50181987189703
/homes/lkgyammerah/Molecular_Dynamics_analysis/trajectories/ros1_prepared_final/L1947R/2,L1947R,2,0.6126069052898321,-66.2773140740236
/homes/lkgyammerah/Molecular_Dynamics_analysis/trajectories/ros1_prepared_final/L1951R/0,L1951R,0,0.433006018371872,-68.95264322802278
/homes/lkgyammerah/Molecular_Dynamics_analysis/trajectories/ros1_prepared_final/L1951R/1,L1951R,1,0.549889135254989,-65.23382890907918
/homes/lkgyammerah/Molecular_Dynamics_analysis/trajectories/ros1_prepared_final/L1951R/2,L1951R,2,0.516629711751663,-66.38069914744403
/homes/lkgyammerah/Molecular_Dynamics_analysis/trajectories/ros1_prepared_final/L1982F/0,L1982F,0,0.5793474817865062,-64.70482591001301
/homes/lkgyammerah/Molecular_Dynamics_analysis/trajectories/ros1_prepared_final/L1982F/1,L1982F,1,0.5571745327842889,-66.05467180319137
/homes/lkgyammerah/Molecular_Dynamics_analysis/trajectories/ros1_prepared_final/L1982F/2,L1982F,2,0.5812480202724105,-65.21771386381867
/homes/lkgyammerah/Molecular_Dynamics_analysis/trajectories/ros1_prepared_final/L1982V/0,L1982V,0,0.4558124802027241,-68.51299230667999
/homes/lkgyammerah/Molecular_Dynamics_analysis/trajectories/ros1_prepared_final/L1982V/1,L1982V,1,0.5676274944567627,-66.02302839093696
/homes/lkgyammerah/Molecular_Dynamics_analysis/trajectories/ros1_prepared_final/L1982V/2,L1982V,2,0.6205258156477669,-63.920138250018056
/homes/lkgyammerah/Molecular_Dynamics_analysis/trajectories/ros1_prepared_final/L2010M/0,L2010M,0,0.3756731073804245,-71.84114987600216
/homes/lkgyammerah/Molecular_Dynamics_analysis/trajectories/ros1_prepared_final/L2010M/1,L2010M,1,0.4726005701615458,-67.93623482580611
/homes/lkgyammerah/Molecular_Dynamics_analysis/trajectories/ros1_prepared_final/L2010M/2,L2010M,2,0.5334178017104846,-67.93851670382104
/homes/lkgyammerah/Molecular_Dynamics_analysis/trajectories/ros1_prepared_final/L2026M/0,L2026M,0,0.3902439024390244,-69.45321875310299
/homes/lkgyammerah/Molecular_Dynamics_analysis/trajectories/ros1_prepared_final/L2026M/1,L2026M,1,0.41368387709851123,-71.16878821814328
/homes/lkgyammerah/Molecular_Dynamics_analysis/trajectories/ros1_prepared_final/L2026M/2,L2026M,2,0.5549572378840671,-66.02352435901491
/homes/lkgyammerah/Molecular_Dynamics_analysis/trajectories/ros1_prepared_final/L2053V_NC/0,L2053V_NC,0,0.32562559391827683,-72.48725336127391
/homes/lkgyammerah/Molecular_Dynamics_analysis/trajectories/ros1_prepared_final/L2053V_NC/1,L2053V_NC,1,0.4485270826734241,-68.1824361718377
/homes/lkgyammerah/Molecular_Dynamics_analysis/trajectories/ros1_prepared_final/L2053V_NC/2,L2053V_NC,2,0.4874881216344631,-67.16178604859432
/homes/lkgyammerah/Molecular_Dynamics_analysis/trajectories/ros1_prepared_final/L2086F/0,L2086F,0,0.5796642382008236,-65.10904055726199
/homes/lkgyammerah/Molecular_Dynamics_analysis/trajectories/ros1_prepared_final/L2086F/1,L2086F,1,0.5131453911941717,-67.31544369143853
/homes/lkgyammerah/Molecular_Dynamics_analysis/trajectories/ros1_prepared_final/L2086F/2,L2086F,2,0.3002850807728856,-76.26816745766514
/homes/lkgyammerah/Molecular_Dynamics_analysis/trajectories/ros1_prepared_final/L2155S/0,L2155S,0,0.28666455495723786,-73.8015548161098
/homes/lkgyammerah/Molecular_Dynamics_analysis/trajectories/ros1_prepared_final/L2155S/1,L2155S,1,0.47101678808995884,-68.10825157044694
/homes/lkgyammerah/Molecular_Dynamics_analysis/trajectories/ros1_prepared_final/L2155S/2,L2155S,2,0.686411149825784,-62.55945681287097
/homes/lkgyammerah/Molecular_Dynamics_analysis/trajectories/ros1_prepared_final/Q2022P/0,Q2022P,0,0.5745961355717454,-62.51952450449874
/homes/lkgyammerah/Molecular_Dynamics_analysis/trajectories/ros1_prepared_final/Q2022P/1,Q2022P,1,0.6404814697497624,-63.41918384164128
/homes/lkgyammerah/Molecular_Dynamics_analysis/trajectories/ros1_prepared_final/Q2022P/2,Q2022P,2,0.6306620209059234,-64.4962936125868
/homes/lkgyammerah/Molecular_Dynamics_analysis/trajectories/ros1_prepared_final/Q2022P_S1986F/0,Q2022P_S1986F,0,0.51092809629395,-67.58452737486208
/homes/lkgyammerah/Molecular_Dynamics_analysis/trajectories/ros1_prepared_final/Q2022P_S1986F/1,Q2022P_S1986F,1,0.5853658536585366,-64.19438350702865
/homes/lkgyammerah/Molecular_Dynamics_analysis/trajectories/ros1_prepared_final/Q2022P_S1986F/2,Q2022P_S1986F,2,0.477668672790624,-67.36709568203723
/homes/lkgyammerah/Molecular_Dynamics_analysis/trajectories/ros1_prepared_final/Q2022P_S1986Y/0,Q2022P_S1986Y,0,0.47291732657586316,-68.15732442211191
/homes/lkgyammerah/Molecular_Dynamics_analysis/trajectories/ros1_prepared_final/Q2022P_S1986Y/1,Q2022P_S1986Y,1,0.4827367754197022,-68.4838543995521
/homes/lkgyammerah/Molecular_Dynamics_analysis/trajectories/ros1_prepared_final/Q2022P_S1986Y/2,Q2022P_S1986Y,2,0.6240101362052581,-64.58379499769528
/homes/lkgyammerah/Molecular_Dynamics_analysis/trajectories/ros1_prepared_final/R2078K/0,R2078K,0,0.636046879949319,-64.57569077485417
/homes/lkgyammerah/Molecular_Dynamics_analysis/trajectories/ros1_prepared_final/R2078K/1,R2078K,1,0.6145074437757364,-64.5489122452976
/homes/lkgyammerah/Molecular_Dynamics_analysis/trajectories/ros1_prepared_final/R2078K/2,R2078K,2,0.6268609439341146,-59.905079859030714
/homes/lkgyammerah/Molecular_Dynamics_analysis/trajectories/ros1_prepared_final/S1986F/0,S1986F,0,0.4941400063351283,-66.98388734738359
/homes/lkgyammerah/Molecular_Dynamics_analysis/trajectories/ros1_prepared_final/S1986F/1,S1986F,1,0.6157744694330061,-64.50613770471331
/homes/lkgyammerah/Molecular_Dynamics_analysis/trajectories/ros1_prepared_final/S1986F/2,S1986F,2,0.38232499208108967,-70.19169459193425
/homes/lkgyammerah/Molecular_Dynamics_analysis/trajectories/ros1_prepared_final/S1986Y/0,S1986Y,0,0.566993981628128,-67.9638533551443
/homes/lkgyammerah/Molecular_Dynamics_analysis/trajectories/ros1_prepared_final/S1986Y/1,S1986Y,1,0.720620842572062,-61.173172539459365
/homes/lkgyammerah/Molecular_Dynamics_analysis/trajectories/ros1_prepared_final/S1986Y/2,S1986Y,2,0.4181184668989547,-69.3939743942198
/homes/lkgyammerah/Molecular_Dynamics_analysis/trajectories/ros1_prepared_final/V2089M/0,V2089M,0,0.571111815014254,-67.66946283774848
/homes/lkgyammerah/Molecular_Dynamics_analysis/trajectories/ros1_prepared_final/V2089M/1,V2089M,1,0.6658219828951536,-62.651934773249074
/homes/lkgyammerah/Molecular_Dynamics_analysis/trajectories/ros1_prepared_final/V2089M/2,V2089M,2,0.4957237884067152,-68.49370466986902
/homes/lkgyammerah/Molecular_Dynamics_analysis/trajectories/ros1_prepared_final/V2098I/0,V2098I,0,0.34399746594868547,-70.99354686320187
/homes/lkgyammerah/Molecular_Dynamics_analysis/trajectories/ros1_prepared_final/V2098I/1,V2098I,1,0.4190687361419069,-73.28001213375813
/homes/lkgyammerah/Molecular_Dynamics_analysis/trajectories/ros1_prepared_final/V2098I/2,V2098I,2,0.554006968641115,-65.82164590223552
/homes/lkgyammerah/Molecular_Dynamics_analysis/trajectories/ros1_prepared_final/WT/0,WT,0,0.6534684827367754,-63.69779350321845
/homes/lkgyammerah/Molecular_Dynamics_analysis/trajectories/ros1_prepared_final/WT/1,WT,1,0.6306620209059234,-64.39366973182767
/homes/lkgyammerah/Molecular_Dynamics_analysis/trajectories/ros1_prepared_final/WT/2,WT,2,0.4637313905606589,-70.6793275500235
