trajectory,mutant,replica,alphaC_hinge_mean_dist,alphaC_hinge_std_dist,alphaC_rmsf_mean,alphaC_compact_frac,lys_glu_mean_dist_nm
/homes/lkgyammerah/Molecular_Dynamics_analysis/trajectories/ros1_prepared_final/C2060G/0,C2060G,0,2.9033150672912598,0.1410425752401352,0.1410425752401352,0.0,1.3121072053909302
/homes/lkgyammerah/Molecular_Dynamics_analysis/trajectories/ros1_prepared_final/C2060G/1,C2060G,1,2.9264283180236816,0.14180780947208405,0.14180780947208405,0.0,1.3253453969955444
/homes/lkgyammerah/Molecular_Dynamics_analysis/trajectories/ros1_prepared_final/C2060G/2,C2060G,2,2.915432929992676,0.11506957560777664,0.11506957560777664,0.0,1.3199968338012695
/homes/lkgyammerah/Molecular_Dynamics_analysis/trajectories/ros1_prepared_final/D1988N/0,D1988N,0,2.682126522064209,0.10969410836696625,0.10969410836696625,0.0,1.3345158100128174
/homes/lkgyammerah/Molecular_Dynamics_analysis/trajectories/ros1_prepared_final/D1988N/1,D1988N,1,2.9033281803131104,0.14380158483982086,0.14380158483982086,0.0,1.301389217376709
/homes/lkgyammerah/Molecular_Dynamics_analysis/trajectories/ros1_prepared_final/D1988N/2,D1988N,2,2.8906807899475098,0.10593821853399277,0.10593821853399277,0.0,1.3046526908874512
/homes/lkgyammerah/Molecular_Dynamics_analysis/trajectories/ros1_prepared_final/D2033N/0,D2033N,0,2.939556837081909,0.0996747687458992,0.0996747687458992,0.0,1.3298529386520386
/homes/lkgyammerah/Molecular_Dynamics_analysis/trajectories/ros1_prepared_final/D2033N/1,D2033N,1,2.8389477729797363,0.12155274301767349,0.12155274301767349,0.0,1.3119279146194458
/homes/lkgyammerah/Molecular_Dynamics_analysis/trajectories/ros1_prepared_final/D2033N/2,D2033N,2,2.8911895751953125,0.11470044404268265,0.11470044404268265,0.0,1.3240761756896973
/homes/lkgyammerah/Molecular_Dynamics_analysis/trajectories/ros1_prepared_final/D2113G/0,D2113G,0,2.856581449508667,0.14766499400138855,0.14766499400138855,0.0,1.302316665649414
/homes/lkgyammerah/Molecular_Dynamics_analysis/trajectories/ros1_prepared_final/D2113G/1,D2113G,1,2.8038582801818848,0.07906413078308105,0.07906413078308105,0.0,1.3111572265625
/homes/lkgyammerah/Molecular_Dynamics_analysis/trajectories/ros1_prepared_final/D2113G/2,D2113G,2,2.8670196533203125,0.1331373006105423,0.1331373006105423,0.0,1.326920509338379
/homes/lkgyammerah/Molecular_Dynamics_analysis/trajectories/ros1_prepared_final/D2113N/0,D2113N,0,2.674299478530884,0.06227809935808182,0.06227809935808182,0.0,1.3359626531600952
/homes/lkgyammerah/Molecular_Dynamics_analysis/trajectories/ros1_prepared_final/D2113N/1,D2113N,1,2.828944444656372,0.1208915263414383,0.1208915263414383,0.0,1.3361448049545288
/homes/lkgyammerah/Molecular_Dynamics_analysis/trajectories/ros1_prepared_final/D2113N/2,D2113N,2,2.834088087081909,0.11257712543010712,0.11257712543010712,0.0,1.319303274154663
/homes/lkgyammerah/Molecular_Dynamics_analysis/trajectories/ros1_prepared_final/E1935G/0,E1935G,0,2.935397148132324,0.1102837324142456,0.1102837324142456,0.0,1.3230514526367188
/homes/lkgyammerah/Molecular_Dynamics_analysis/trajectories/ros1_prepared_final/E1935G/1,E1935G,1,2.957659959793091,0.14597365260124207,0.14597365260124207,0.0,1.3340895175933838
/homes/lkgyammerah/Molecular_Dynamics_analysis/trajectories/ros1_prepared_final/E1935G/2,E1935G,2,2.8776919841766357,0.09948071092367172,0.09948071092367172,0.0,1.325830101966858
/homes/lkgyammerah/Molecular_Dynamics_analysis/trajectories/ros1_prepared_final/E1990G/0,E1990G,0,2.79117488861084,0.11993639916181564,0.11993639916181564,0.0,1.3133991956710815
/homes/lkgyammerah/Molecular_Dynamics_analysis/trajectories/ros1_prepared_final/E1990G/1,E1990G,1,2.9106295108795166,0.1400172859430313,0.1400172859430313,0.0,1.2958158254623413
/homes/lkgyammerah/Molecular_Dynamics_analysis/trajectories/ros1_prepared_final/E1990G/2,E1990G,2,2.8863558769226074,0.09195385873317719,0.09195385873317719,0.0,1.3139480352401733
/homes/lkgyammerah/Molecular_Dynamics_analysis/trajectories/ros1_prepared_final/E2020K/0,E2020K,0,2.82743763923645,0.13901448249816895,0.13901448249816895,0.0,1.297330617904663
/homes/lkgyammerah/Molecular_Dynamics_analysis/trajectories/ros1_prepared_final/E2020K/1,E2020K,1,2.8152003288269043,0.16965582966804504,0.16965582966804504,0.0,1.3203333616256714
/homes/lkgyammerah/Molecular_Dynamics_analysis/trajectories/ros1_prepared_final/E2020K/2,E2020K,2,2.695725202560425,0.12583521008491516,0.12583521008491516,0.0,1.2646640539169312
/homes/lkgyammerah/Molecular_Dynamics_analysis/trajectories/ros1_prepared_final/E2131Q/0,E2131Q,0,2.9835312366485596,0.12864983081817627,0.12864983081817627,0.0,1.325132131576538
/homes/lkgyammerah/Molecular_Dynamics_analysis/trajectories/ros1_prepared_final/E2131Q/1,E2131Q,1,2.8824193477630615,0.10850366204977036,0.10850366204977036,0.0,1.3191947937011719
/homes/lkgyammerah/Molecular_Dynamics_analysis/trajectories/ros1_prepared_final/E2131Q/2,E2131Q,2,2.868960380554199,0.11692041903734207,0.11692041903734207,0.0,1.3177409172058105
/homes/lkgyammerah/Molecular_Dynamics_analysis/trajectories/ros1_prepared_final/F2004C/0,F2004C,0,2.805370569229126,0.15016891062259674,0.15016891062259674,0.0,1.3115031719207764
/homes/lkgyammerah/Molecular_Dynamics_analysis/trajectories/ros1_prepared_final/F2004C/1,F2004C,1,2.802885055541992,0.09951697289943695,0.09951697289943695,0.0,1.3564574718475342
/homes/lkgyammerah/Molecular_Dynamics_analysis/trajectories/ros1_prepared_final/F2004C/2,F2004C,2,2.862064838409424,0.1112932339310646,0.1112932339310646,0.0,1.3260977268218994
/homes/lkgyammerah/Molecular_Dynamics_analysis/trajectories/ros1_prepared_final/F2004L/0,F2004L,0,2.9215407371520996,0.0782260000705719,0.0782260000705719,0.0,1.3037763833999634
/homes/lkgyammerah/Molecular_Dynamics_analysis/trajectories/ros1_prepared_final/F2004L/1,F2004L,1,2.9842052459716797,0.10083462297916412,0.10083462297916412,0.0,1.3260608911514282
/homes/lkgyammerah/Molecular_Dynamics_analysis/trajectories/ros1_prepared_final/F2004L/2,F2004L,2,2.81067156791687,0.09201434254646301,0.09201434254646301,0.0,1.3461648225784302
/homes/lkgyammerah/Molecular_Dynamics_analysis/trajectories/ros1_prepared_final/F2004V/0,F2004V,0,2.9304139614105225,0.1022297739982605,0.1022297739982605,0.0,1.3113148212432861
/homes/lkgyammerah/Molecular_Dynamics_analysis/trajectories/ros1_prepared_final/F2004V/1,F2004V,1,2.9911606311798096,0.09914084523916245,0.09914084523916245,0.0,1.323390245437622
/homes/lkgyammerah/Molecular_Dynamics_analysis/trajectories/ros1_prepared_final/F2004V/2,F2004V,2,2.842593193054199,0.08714307099580765,0.08714307099580765,0.0,1.3172402381896973
/homes/lkgyammerah/Molecular_Dynamics_analysis/trajectories/ros1_prepared_final/F2075V/0,F2075V,0,2.874830961227417,0.09967832267284393,0.09967832267284393,0.0,1.2931530475616455
/homes/lkgyammerah/Molecular_Dynamics_analysis/trajectories/ros1_prepared_final/F2075V/1,F2075V,1,2.9241647720336914,0.1158292144536972,0.1158292144536972,0.0,1.3243870735168457
/homes/lkgyammerah/Molecular_Dynamics_analysis/trajectories/ros1_prepared_final/F2075V/2,F2075V,2,2.8810975551605225,0.09995127469301224,0.09995127469301224,0.0,1.3107191324234009
/homes/lkgyammerah/Molecular_Dynamics_analysis/trajectories/ros1_prepared_final/G1957A/0,G1957A,0,2.7874855995178223,0.08904977887868881,0.08904977887868881,0.0,1.3249139785766602
/homes/lkgyammerah/Molecular_Dynamics_analysis/trajectories/ros1_prepared_final/G1957A/1,G1957A,1,2.920292377471924,0.11070124804973602,0.11070124804973602,0.0,1.3322796821594238
/homes/lkgyammerah/Molecular_Dynamics_analysis/trajectories/ros1_prepared_final/G1957A/2,G1957A,2,2.828627347946167,0.10740828514099121,0.10740828514099121,0.0,1.3316926956176758
/homes/lkgyammerah/Molecular_Dynamics_analysis/trajectories/ros1_prepared_final/G1971E/0,G1971E,0,2.9231107234954834,0.1084374412894249,0.1084374412894249,0.0,1.3101922273635864
/homes/lkgyammerah/Molecular_Dynamics_analysis/trajectories/ros1_prepared_final/G1971E/1,G1971E,1,2.848172187805176,0.14373722672462463,0.14373722672462463,0.0,1.3128008842468262
/homes/lkgyammerah/Molecular_Dynamics_analysis/trajectories/ros1_prepared_final/G1971E/2,G1971E,2,2.894043445587158,0.1147359162569046,0.1147359162569046,0.0,1.3215932846069336
/homes/lkgyammerah/Molecular_Dynamics_analysis/trajectories/ros1_prepared_final/G2032K/0,G2032K,0,2.876849412918091,0.1171480342745781,0.1171480342745781,0.0,1.3312263488769531
/homes/lkgyammerah/Molecular_Dynamics_analysis/trajectories/ros1_prepared_final/G2032K/1,G2032K,1,2.848036766052246,0.09996986389160156,0.09996986389160156,0.0,1.3113348484039307
/homes/lkgyammerah/Molecular_Dynamics_analysis/trajectories/ros1_prepared_final/G2032K/2,G2032K,2,2.9856765270233154,0.09948732703924179,0.09948732703924179,0.0,1.3407572507858276
/homes/lkgyammerah/Molecular_Dynamics_analysis/trajectories/ros1_prepared_final/G2032R/0,G2032R,0,2.8880531787872314,0.12521032989025116,0.12521032989025116,0.0,1.3226836919784546
/homes/lkgyammerah/Molecular_Dynamics_analysis/trajectories/ros1_prepared_final/G2032R/1,G2032R,1,2.8356127738952637,0.10985955595970154,0.10985955595970154,0.0,1.3053611516952515
/homes/lkgyammerah/Molecular_Dynamics_analysis/trajectories/ros1_prepared_final/G2032R/2,G2032R,2,2.979344367980957,0.07944441586732864,0.07944441586732864,0.0,1.3219292163848877
/homes/lkgyammerah/Molecular_Dynamics_analysis/trajectories/ros1_prepared_final/G2048A_NC/0,G2048A_NC,0,2.8390040397644043,0.13008543848991394,0.13008543848991394,0.0,1.3094719648361206
/homes/lkgyammerah/Molecular_Dynamics_analysis/trajectories/ros1_prepared_final/G2048A_NC/1,G2048A_NC,1,2.6675732135772705,0.1311635822057724,0.1311635822057724,0.0,1.289233684539795
/homes/lkgyammerah/Molecular_Dynamics_analysis/trajectories/ros1_prepared_final/G2048A_NC/2,G2048A_NC,2,3.0166375637054443,0.16708122193813324,0.16708122193813324,0.0,1.3152892589569092
/homes/lkgyammerah/Molecular_Dynamics_analysis/trajectories/ros1_prepared_final/G2101A/0,G2101A,0,2.918389081954956,0.12329106032848358,0.12329106032848358,0.0,1.3278162479400635
/homes/lkgyammerah/Molecular_Dynamics_analysis/trajectories/ros1_prepared_final/G2101A/1,G2101A,1,2.972172975540161,0.12471533566713333,0.12471533566713333,0.0,1.3223925828933716
/homes/lkgyammerah/Molecular_Dynamics_analysis/trajectories/ros1_prepared_final/G2101A/2,G2101A,2,2.849802017211914,0.12963250279426575,0.12963250279426575,0.0,1.3109134435653687
/homes/lkgyammerah/Molecular_Dynamics_analysis/trajectories/ros1_prepared_final/H1999Q_NC/0,H1999Q_NC,0,2.8766212463378906,0.10675615817308426,0.10675615817308426,0.0,1.313192367553711
/homes/lkgyammerah/Molecular_Dynamics_analysis/trajectories/ros1_prepared_final/H1999Q_NC/1,H1999Q_NC,1,2.926595449447632,0.13335269689559937,0.13335269689559937,0.0,1.3389108180999756
/homes/lkgyammerah/Molecular_Dynamics_analysis/trajectories/ros1_prepared_final/H1999Q_NC/2,H1999Q_NC,2,2.9400370121002197,0.11252355575561523,0.11252355575561523,0.0,1.3107571601867676
/homes/lkgyammerah/Molecular_Dynamics_analysis/trajectories/ros1_prepared_final/L1947R/0,L1947R,0,2.7856223583221436,0.13593940436840057,0.13593940436840057,0.0,1.2402417659759521
/homes/lkgyammerah/Molecular_Dynamics_analysis/trajectories/ros1_prepared_final/L1947R/1,L1947R,1,2.772876739501953,0.16705256700515747,0.16705256700515747,0.0,1.3089079856872559
/homes/lkgyammerah/Molecular_Dynamics_analysis/trajectories/ros1_prepared_final/L1947R/2,L1947R,2,2.8403549194335938,0.14848771691322327,0.14848771691322327,0.0,1.3089059591293335
/homes/lkgyammerah/Molecular_Dynamics_analysis/trajectories/ros1_prepared_final/L1951R/0,L1951R,0,2.703991651535034,0.16856443881988525,0.16856443881988525,0.0,1.2912638187408447
/homes/lkgyammerah/Molecular_Dynamics_analysis/trajectories/ros1_prepared_final/L1951R/1,L1951R,1,2.8545520305633545,0.11488649249076843,0.11488649249076843,0.0,1.3188180923461914
/homes/lkgyammerah/Molecular_Dynamics_analysis/trajectories/ros1_prepared_final/L1951R/2,L1951R,2,2.862088441848755,0.1102379634976387,0.1102379634976387,0.0,1.2968240976333618
/homes/lkgyammerah/Molecular_Dynamics_analysis/trajectories/ros1_prepared_final/L1982F/0,L1982F,0,2.7567129135131836,0.17406515777111053,0.17406515777111053,0.0,1.310863971710205
/homes/lkgyammerah/Molecular_Dynamics_analysis/trajectories/ros1_prepared_final/L1982F/1,L1982F,1,2.8390893936157227,0.14502659440040588,0.14502659440040588,0.0,1.3020013570785522
/homes/lkgyammerah/Molecular_Dynamics_analysis/trajectories/ros1_prepared_final/L1982F/2,L1982F,2,2.839784860610962,0.13039693236351013,0.13039693236351013,0.0,1.309958815574646
/homes/lkgyammerah/Molecular_Dynamics_analysis/trajectories/ros1_prepared_final/L1982V/0,L1982V,0,2.935187578201294,0.15320837497711182,0.15320837497711182,0.0,1.3297096490859985
/homes/lkgyammerah/Molecular_Dynamics_analysis/trajectories/ros1_prepared_final/L1982V/1,L1982V,1,2.904536724090576,0.12179439514875412,0.12179439514875412,0.0,1.3205279111862183
/homes/lkgyammerah/Molecular_Dynamics_analysis/trajectories/ros1_prepared_final/L1982V/2,L1982V,2,2.8944196701049805,0.10608312487602234,0.10608312487602234,0.0,1.3105601072311401
/homes/lkgyammerah/Molecular_Dynamics_analysis/trajectories/ros1_prepared_final/L2010M/0,L2010M,0,2.88531231880188,0.1247812807559967,0.1247812807559967,0.0,1.3088245391845703
/homes/lkgyammerah/Molecular_Dynamics_analysis/trajectories/ros1_prepared_final/L2010M/1,L2010M,1,2.703822374343872,0.09352240711450577,0.09352240711450577,0.0,1.334839940071106
/homes/lkgyammerah/Molecular_Dynamics_analysis/trajectories/ros1_prepared_final/L2010M/2,L2010M,2,2.9293746948242188,0.09801581501960754,0.09801581501960754,0.0,1.2875579595565796
/homes/lkgyammerah/Molecular_Dynamics_analysis/trajectories/ros1_prepared_final/L2026M/0,L2026M,0,2.8099286556243896,0.14069382846355438,0.14069382846355438,0.0,1.3189486265182495
/homes/lkgyammerah/Molecular_Dynamics_analysis/trajectories/ros1_prepared_final/L2026M/1,L2026M,1,2.9321446418762207,0.1341698169708252,0.1341698169708252,0.0,1.3410298824310303
/homes/lkgyammerah/Molecular_Dynamics_analysis/trajectories/ros1_prepared_final/L2026M/2,L2026M,2,2.8770084381103516,0.1025947630405426,0.1025947630405426,0.0,1.2986961603164673
/homes/lkgyammerah/Molecular_Dynamics_analysis/trajectories/ros1_prepared_final/L2053V_NC/0,L2053V_NC,0,2.810452461242676,0.11869050562381744,0.11869050562381744,0.0,1.3019410371780396
/homes/lkgyammerah/Molecular_Dynamics_analysis/trajectories/ros1_prepared_final/L2053V_NC/1,L2053V_NC,1,2.8987033367156982,0.12798549234867096,0.12798549234867096,0.0,1.305976152420044
/homes/lkgyammerah/Molecular_Dynamics_analysis/trajectories/ros1_prepared_final/L2053V_NC/2,L2053V_NC,2,2.7528138160705566,0.14037296175956726,0.14037296175956726,0.0,1.3186208009719849
/homes/lkgyammerah/Molecular_Dynamics_analysis/trajectories/ros1_prepared_final/L2086F/0,L2086F,0,2.7789788246154785,0.1902298927307129,0.1902298927307129,0.0,1.339288353919983
/homes/lkgyammerah/Molecular_Dynamics_analysis/trajectories/ros1_prepared_final/L2086F/1,L2086F,1,2.9149677753448486,0.14183641970157623,0.14183641970157623,0.0,1.3128193616867065
/homes/lkgyammerah/Molecular_Dynamics_analysis/trajectories/ros1_prepared_final/L2086F/2,L2086F,2,2.89554762840271,0.11521746963262558,0.11521746963262558,0.0,1.3122060298919678
/homes/lkgyammerah/Molecular_Dynamics_analysis/trajectories/ros1_prepared_final/L2155S/0,L2155S,0,2.9280965328216553,0.12447844445705414,0.12447844445705414,0.0,1.3079791069030762
/homes/lkgyammerah/Molecular_Dynamics_analysis/trajectories/ros1_prepared_final/L2155S/1,L2155S,1,2.734259843826294,0.13152070343494415,0.13152070343494415,0.0,1.3240680694580078
/homes/lkgyammerah/Molecular_Dynamics_analysis/trajectories/ros1_prepared_final/L2155S/2,L2155S,2,2.734926700592041,0.11099987477064133,0.11099987477064133,0.0,1.346827745437622
/homes/lkgyammerah/Molecular_Dynamics_analysis/trajectories/ros1_prepared_final/Q2022P/0,Q2022P,0,2.7678849697113037,0.15486595034599304,0.15486595034599304,0.0,1.3275352716445923
/homes/lkgyammerah/Molecular_Dynamics_analysis/trajectories/ros1_prepared_final/Q2022P/1,Q2022P,1,2.772348165512085,0.11538379639387131,0.11538379639387131,0.0,1.3146295547485352
/homes/lkgyammerah/Molecular_Dynamics_analysis/trajectories/ros1_prepared_final/Q2022P/2,Q2022P,2,2.6710081100463867,0.1063188686966896,0.1063188686966896,0.0,1.3033164739608765
/homes/lkgyammerah/Molecular_Dynamics_analysis/trajectories/ros1_prepared_final/Q2022P_S1986F/0,Q2022P_S1986F,0,2.7251768112182617,0.09794318675994873,0.09794318675994873,0.0,1.3155499696731567
/homes/lkgyammerah/Molecular_Dynamics_analysis/trajectories/ros1_prepared_final/Q2022P_S1986F/1,Q2022P_S1986F,1,2.7676780223846436,0.11229553073644638,0.11229553073644638,0.0,1.3184638023376465
/homes/lkgyammerah/Molecular_Dynamics_analysis/trajectories/ros1_prepared_final/Q2022P_S1986F/2,Q2022P_S1986F,2,2.7688677310943604,0.12302033603191376,0.12302033603191376,0.0,1.331419825553894
/homes/lkgyammerah/Molecular_Dynamics_analysis/trajectories/ros1_prepared_final/Q2022P_S1986Y/0,Q2022P_S1986Y,0,2.7014622688293457,0.12986955046653748,0.12986955046653748,0.0,1.3425627946853638
/homes/lkgyammerah/Molecular_Dynamics_analysis/trajectories/ros1_prepared_final/Q2022P_S1986Y/1,Q2022P_S1986Y,1,2.7706027030944824,0.08655325323343277,0.08655325323343277,0.0,1.3529245853424072
/homes/lkgyammerah/Molecular_Dynamics_analysis/trajectories/ros1_prepared_final/Q2022P_S1986Y/2,Q2022P_S1986Y,2,2.738391160964966,0.15391670167446136,0.15391670167446136,0.0,1.3237369060516357
/homes/lkgyammerah/Molecular_Dynamics_analysis/trajectories/ros1_prepared_final/R2078K/0,R2078K,0,2.882096767425537,0.14955799281597137,0.14955799281597137,0.0,1.306078553199768
/homes/lkgyammerah/Molecular_Dynamics_analysis/trajectories/ros1_prepared_final/R2078K/1,R2078K,1,2.902738571166992,0.1448555588722229,0.1448555588722229,0.0,1.3264509439468384
/homes/lkgyammerah/Molecular_Dynamics_analysis/trajectories/ros1_prepared_final/R2078K/2,R2078K,2,2.881883144378662,0.11757931858301163,0.11757931858301163,0.0,1.2984158992767334
/homes/lkgyammerah/Molecular_Dynamics_analysis/trajectories/ros1_prepared_final/S1986F/0,S1986F,0,2.8790674209594727,0.098653145134449,0.098653145134449,0.0,1.3224595785140991
/homes/lkgyammerah/Molecular_Dynamics_analysis/trajectories/ros1_prepared_final/S1986F/1,S1986F,1,2.827575206756592,0.14683790504932404,0.14683790504932404,0.0,1.313594937324524
/homes/lkgyammerah/Molecular_Dynamics_analysis/trajectories/ros1_prepared_final/S1986F/2,S1986F,2,2.7825167179107666,0.087849922478199,0.087849922478199,0.0,1.3279361724853516
/homes/lkgyammerah/Molecular_Dynamics_analysis/trajectories/ros1_prepared_final/S1986Y/0,S1986Y,0,2.838528633117676,0.13315865397453308,0.13315865397453308,0.0,1.301842451095581
/homes/lkgyammerah/Molecular_Dynamics_analysis/trajectories/ros1_prepared_final/S1986Y/1,S1986Y,1,2.878891706466675,0.15702474117279053,0.15702474117279053,0.0,1.285020351409912
/homes/lkgyammerah/Molecular_Dynamics_analysis/trajectories/ros1_prepared_final/S1986Y/2,S1986Y,2,2.9109585285186768,0.11737802624702454,0.11737802624702454,0.0,1.3035558462142944
/homes/lkgyammerah/Molecular_Dynamics_analysis/trajectories/ros1_prepared_final/V2089M/0,V2089M,0,2.864903688430786,0.12607131898403168,0.12607131898403168,0.0,1.2867990732192993
/homes/lkgyammerah/Molecular_Dynamics_analysis/trajectories/ros1_prepared_final/V2089M/1,V2089M,1,2.831308364868164,0.13905522227287292,0.13905522227287292,0.0,1.3453768491744995
/homes/lkgyammerah/Molecular_Dynamics_analysis/trajectories/ros1_prepared_final/V2089M/2,V2089M,2,2.841522693634033,0.1459682583808899,0.1459682583808899,0.0,1.295529842376709
/homes/lkgyammerah/Molecular_Dynamics_analysis/trajectories/ros1_prepared_final/V2098I/0,V2098I,0,2.741641044616699,0.13340647518634796,0.13340647518634796,0.0,1.3482862710952759
/homes/lkgyammerah/Molecular_Dynamics_analysis/trajectories/ros1_prepared_final/V2098I/1,V2098I,1,2.897744655609131,0.11692102253437042,0.11692102253437042,0.0,1.2650543451309204
/homes/lkgyammerah/Molecular_Dynamics_analysis/trajectories/ros1_prepared_final/V2098I/2,V2098I,2,2.7358524799346924,0.1120494157075882,0.1120494157075882,0.0,1.338006854057312
/homes/lkgyammerah/Molecular_Dynamics_analysis/trajectories/ros1_prepared_final/WT/0,WT,0,2.966479539871216,0.15393851697444916,0.15393851697444916,0.0,1.3180855512619019
/homes/lkgyammerah/Molecular_Dynamics_analysis/trajectories/ros1_prepared_final/WT/1,WT,1,2.9716672897338867,0.11421482264995575,0.11421482264995575,0.0,1.3231028318405151
/homes/lkgyammerah/Molecular_Dynamics_analysis/trajectories/ros1_prepared_final/WT/2,WT,2,2.877659320831299,0.15897740423679352,0.15897740423679352,0.0,1.3094573020935059
