stride,PC,cosine_sim_vs_s10,exp_var_ratio,n_frames
1,1,0.9997385740280151,0.3645532727241516,10001
1,2,0.9984844326972961,0.13738985359668732,10001
1,3,0.9978170394897461,0.0962696224451065,10001
1,4,0.9927035570144653,0.05563879385590553,10001
1,5,0.9909610152244568,0.04851385951042175,10001
5,1,0.9998114109039307,0.3608887493610382,2001
5,2,0.998887300491333,0.13699792325496674,2001
5,3,0.9982086420059204,0.09897080063819885,2001
5,4,0.9979344606399536,0.05628731846809387,2001
5,5,0.9968406558036804,0.047542158514261246,2001
10,1,1.0,0.3560040295124054,1001
10,2,1.0,0.13661529123783112,1001
10,3,1.0,0.101218082010746,1001
10,4,1.0,0.05835770443081856,1001
10,5,1.0,0.04811949282884598,1001
