prefix,traj_index,mutant,stride,PC,cosine_sim_vs_s10,exp_var_ratio,n_frames
aloop,111,WT,1,1,0.9995762705802917,0.5284830927848816,10001
aloop,111,WT,1,2,0.9992797374725342,0.1577402949333191,10001
aloop,111,WT,1,3,0.9981400370597839,0.08582478761672974,10001
aloop,111,WT,1,4,0.9928932785987854,0.034128185361623764,10001
aloop,111,WT,1,5,0.9856863021850586,0.031971488147974014,10001
aloop,111,WT,5,1,0.9997429847717285,0.5285923480987549,2001
aloop,111,WT,5,2,0.9994713664054871,0.15658016502857208,2001
aloop,111,WT,5,3,0.9986757636070251,0.08638910949230194,2001
aloop,111,WT,5,4,0.9808351397514343,0.034622326493263245,2001
aloop,111,WT,5,5,0.9788482785224915,0.03181713446974754,2001
aloop,111,WT,10,1,1.0000001192092896,0.5314531922340393,1001
aloop,111,WT,10,2,1.0,0.15722785890102386,1001
aloop,111,WT,10,3,1.0,0.08605331927537918,1001
aloop,111,WT,10,4,1.0,0.03418557718396187,1001
aloop,111,WT,10,5,1.0,0.03240847587585449,1001
actout_ctlfit,111,WT,1,1,0.9997385740280151,0.3645532727241516,10001
actout_ctlfit,111,WT,1,2,0.9984844326972961,0.13738985359668732,10001
actout_ctlfit,111,WT,1,3,0.9978170394897461,0.0962696224451065,10001
actout_ctlfit,111,WT,1,4,0.9927035570144653,0.05563879385590553,10001
actout_ctlfit,111,WT,1,5,0.9909610152244568,0.04851385951042175,10001
actout_ctlfit,111,WT,5,1,0.9998114109039307,0.3608887493610382,2001
actout_ctlfit,111,WT,5,2,0.998887300491333,0.13699792325496674,2001
actout_ctlfit,111,WT,5,3,0.9982086420059204,0.09897080063819885,2001
actout_ctlfit,111,WT,5,4,0.9979344606399536,0.05628731846809387,2001
actout_ctlfit,111,WT,5,5,0.9968406558036804,0.047542158514261246,2001
actout_ctlfit,111,WT,10,1,1.0,0.3560040295124054,1001
actout_ctlfit,111,WT,10,2,1.0,0.13661529123783112,1001
actout_ctlfit,111,WT,10,3,1.0,0.101218082010746,1001
actout_ctlfit,111,WT,10,4,1.0,0.05835770443081856,1001
actout_ctlfit,111,WT,10,5,1.0,0.04811949282884598,1001
