mutant,replica,n_frames,dt_ps,total_ns
C2060G,0,10001,50.0,500.05
C2060G,1,13723,50.0,686.15
C2060G,2,15590,50.0,779.5
D1988N,0,10001,50.0,500.05
D1988N,1,15782,50.0,789.1
D1988N,2,13704,50.0,685.2
D2033N,0,10001,50.0,500.05
D2033N,1,15748,50.0,787.4
D2033N,2,13687,50.0,684.35
D2113G,0,10001,50.0,500.05
D2113G,1,13615,50.0,680.75
D2113G,2,14416,50.0,720.8
D2113N,0,10001,50.0,500.05
D2113N,1,13697,50.0,684.85
D2113N,2,14295,50.0,714.75
E1935G,0,10001,50.0,500.05
E1935G,1,13315,50.0,665.75
E1935G,2,14691,50.0,734.55
E1990G,0,10001,50.0,500.05
E1990G,1,13977,50.0,698.85
E1990G,2,15822,50.0,791.1
E2020K,0,10001,50.0,500.05
E2020K,1,13309,50.0,665.45
E2020K,2,14674,50.0,733.7
E2131Q,0,10001,50.0,500.05
E2131Q,1,13357,50.0,667.85
E2131Q,2,14736,50.0,736.8
F1994L,0,10001,50.0,500.05
F1994L,1,13967,50.0,698.35
F1994L,2,13940,50.0,697.0
F2004C,0,10001,50.0,500.05
F2004C,1,12864,50.0,643.2
F2004C,2,13708,50.0,685.4
F2004L,0,10001,50.0,500.05
F2004L,1,13352,50.0,667.6
F2004L,2,5156,50.0,257.8
F2004V,0,10001,50.0,500.05
F2004V,1,13731,50.0,686.55
F2004V,2,5714,50.0,285.7
F2075V,0,10001,50.0,500.05
F2075V,1,13624,50.0,681.2
F2075V,2,5434,50.0,271.7
G1957A,0,10001,50.0,500.05
G1957A,1,14020,50.0,701.0
G1957A,2,6198,50.0,309.9
G1971E,0,10001,50.0,500.05
G1971E,1,13709,50.0,685.45
G1971E,2,5879,50.0,293.95
G2032K,0,10001,50.0,500.05
G2032K,1,13672,50.0,683.6
G2032K,2,5356,50.0,267.8
G2032R,0,10001,50.0,500.05
G2032R,1,13646,50.0,682.3
G2032R,2,5532,50.0,276.6
G2048A_NC,0,10001,50.0,500.05
G2048A_NC,1,12529,50.0,626.45
G2048A_NC,2,3157,50.0,157.85
G2101A,0,10001,50.0,500.05
G2101A,1,13380,50.0,669.0
G2101A,2,5116,50.0,255.8
H1999Q_NC,0,10001,50.0,500.05
H1999Q_NC,1,13328,50.0,666.4
H1999Q_NC,2,4704,50.0,235.2
L1947R,0,10001,50.0,500.05
L1947R,1,13674,50.0,683.7
L1947R,2,5530,50.0,276.5
L1951R,0,10001,50.0,500.05
L1951R,1,13688,50.0,684.4
L1951R,2,5633,50.0,281.65
L1982F,0,10001,50.0,500.05
L1982F,1,13603,50.0,680.15
L1982F,2,5349,50.0,267.45
L1982V,0,10001,50.0,500.05
L1982V,1,13667,50.0,683.35
L1982V,2,5338,50.0,266.9
L2010M,0,10001,50.0,500.05
L2010M,1,13627,50.0,681.35
L2010M,2,5462,50.0,273.1
L2026M,0,10001,50.0,500.05
L2026M,1,13643,50.0,682.15
L2026M,2,5238,50.0,261.9
L2053V_NC,0,10001,50.0,500.05
L2053V_NC,1,13691,50.0,684.55
L2053V_NC,2,5611,50.0,280.55
L2086F,0,10001,50.0,500.05
L2086F,1,13707,50.0,685.35
L2086F,2,5680,50.0,284.0
L2155S,0,10001,50.0,500.05
L2155S,1,13641,50.0,682.05
L2155S,2,5526,50.0,276.3
Q2022P,0,10001,50.0,500.05
Q2022P,1,13935,50.0,696.75
Q2022P,2,5739,50.0,286.95
Q2022P_S1986F,0,10001,50.0,500.05
Q2022P_S1986F,1,13114,50.0,655.7
Q2022P_S1986F,2,4924,50.0,246.2
Q2022P_S1986Y,0,10001,50.0,500.05
Q2022P_S1986Y,1,13730,50.0,686.5
Q2022P_S1986Y,2,5708,50.0,285.4
R2078K,0,10001,50.0,500.05
R2078K,1,13333,50.0,666.65
R2078K,2,4935,50.0,246.75
S1986F,0,10001,50.0,500.05
S1986F,1,13600,50.0,680.0
S1986F,2,4902,50.0,245.1
S1986Y,0,10001,50.0,500.05
S1986Y,1,13335,50.0,666.75
S1986Y,2,4950,50.0,247.5
V2089M,0,10001,50.0,500.05
V2089M,1,13372,50.0,668.6
V2089M,2,4870,50.0,243.5
V2098I,0,10001,50.0,500.05
V2098I,1,13618,50.0,680.9
V2098I,2,5433,50.0,271.65
WT,0,10001,50.0,500.05
WT,1,13604,50.0,680.2
WT,2,15009,50.0,750.45
